1997,1998,1999,2000,2001,2002,2003,2004,2005,2006,2007,2008,2009,2010,2011,2012,2013,2014,2015,2016,Country Code
-0.038461538461538464,-0.04,-0.08333333333333333,-0.09090909090909091,-0.05,-0.05263157894736842,0.0,0.1111111111111111,0.0,0.0,0.0,0.0,0.0,0.0,0.0,0.0,0.0,0.0,0.0,0.0,AFG
0.13105540400714896,0.11587001268270375,0.12008570896217627,0.10721117857439907,0.04939903846153849,0.047073645630511994,-0.2338656749070226,0.6238934894346089,0.09902187053522366,0.13046000000000005,-0.04226598022044133,-0.008940776591421222,0.0831314072693383,-0.11681294097401483,-0.06371536573009626,0.7928910347123951,0.043330392794131214,0.007120209156143962,-0.12979839823253245,0.0010409393843224142,ALB
0.06305932742896576,0.059318728317333355,0.11275490864983698,0.10132950910695,0.09351766836131878,0.08552003416776874,0.049389241599466456,-0.19505529976801766,0.1127765409706322,0.15447056596570724,0.01097185995425488,-0.05768540428370475,-0.07983010519766326,-0.26853815631921235,0.08934991012582384,0.03738152531552325,-0.04321110385245358,-0.031952264563563135,-0.0192378460154557,-0.009859712755091406,DZA
,,,,,,,,,,,,,,,,,,,,AND
0.09191307187171208,0.08417618053986524,0.2335349894881366,0.1893217391304348,0.03361590300437433,0.032522625577513065,-0.1699400649068481,0.1319087123230818,-0.15577370188581763,0.11413215145891736,0.35746718584572584,-0.0018796747118484773,-0.11056692604459557,0.13952992552620552,0.1032258064516129,0.0935672514619883,0.08823529411764706,0.0862014742014742,0.12022149636720623,-0.01765233264409408,AGO
0.08403068340306834,0.07751688645866839,0.014328358208955224,0.014125956444967627,0.1799187463726059,0.15248401377274964,0.08450704225352113,-0.02676111767020858,0.19207440355843106,0.032564450474898234,-0.000657030223390276,0.11406969099276791,-0.2871053408084981,-0.08153973509933775,0.37674628210905814,0.9479541734860883,-0.22618047386993784,-0.3237785016286645,-0.036608863198458574,0.0,ATG
-0.048321596198641154,-0.05077513160499036,-0.10450973880824342,-0.11670672852338719,0.01322683879366457,0.013054173347216386,-0.03803167456681304,0.03806416172269831,-0.01577929101673712,0.2602789221205307,-0.15919298964146145,0.009817243398426441,-0.13376673101640768,-0.05826741873884827,-0.02271761344947761,-0.06964256001452147,0.17972116088122916,-0.04682412527779213,-0.018838824727237677,-0.07254574481149453,ARG
0.10172413793103448,0.09233176838810642,0.3116045845272206,0.2375750955761879,-0.294792586054722,-0.41802252816020025,0.22365591397849463,-0.616871704745167,0.14678899082568808,0.4,2.0428571428571427,-0.4356807511737089,0.029950083194675542,-0.0032310177705977385,0.2884927066450567,0.0830188679245283,3.7607433217189317,0.16979751158819223,0.6976016684045881,-0.5383292383292383,ARM
0.018203181818181872,0.01787774988649784,-0.04743093925075011,-0.04979265147814385,0.0027522046709952514,0.0027446508301602335,0.08208620058212385,0.08465278588039551,0.03049486982620223,-0.15174652959145574,-0.10521700328792866,-0.035992783175581106,-0.024733899033285895,0.012233355015759308,-0.024040840304151018,-0.05711198187337474,-0.019167034810082986,-0.00950495170521381,-0.009745476174022922,0.08806279545184065,AUS
0.0011111111111111111,0.0011098779134295228,-0.013303769401330377,-0.01348314606741573,-0.10136674259681093,-0.11280101394169835,0.06285714285714286,0.07526881720430108,-0.075,-0.02702702702702703,-0.027777777777777776,0.0,0.0,0.0,0.0,-0.14285714285714285,0.16666666666666666,0.0,0.0,0.0,AUT
-0.14488212473888393,-0.1694294189495725,1.4744747899159665,0.5958738379250329,-0.2023993190402724,-0.25376021344005334,-0.4248301751877011,0.4386946386946387,-0.027759775329444805,-0.5488279080102211,-0.2738241812361487,-0.4832146490335707,-0.20866141732283464,-0.10364842454394693,-0.018501387604070305,-0.1413760603204524,-0.12623490669593854,0.10301507537688442,-0.3530751708428246,0.19014084507042253,AZE
0.016970538628597237,0.016687345389063392,0.03256073668786802,0.031533967476153196,0.004765891672570361,0.004743285686814948,0.06692185007974481,-0.0932791198277924,0.0257847533632287,0.04416586306653809,-0.3281615564585642,0.3574963343108504,-0.06772227097819483,0.18339183031217623,-0.06299181762331699,0.09428785998824539,-0.23822107164660627,-0.06946964355660012,-0.04806528250865858,0.028097802391200643,BHS
-0.11943585780525502,-0.1356356136732634,0.09488272921108742,0.0866601752677702,-0.021932070319167093,-0.022423872262455284,0.21724384148518386,0.06239917876521484,-0.18179308440886188,0.3153099957823703,-0.03719617777207721,-0.05575168187570772,0.15378103837471782,-0.1752262166788946,-0.2650111193476649,1.7323247604639436,-0.4471964859178325,0.05862713675213675,-0.05386653210546234,0.0,BHR
0.014945010168301654,0.014724945705012552,0.09838811355898472,0.08957499844038613,0.04958407351055101,0.04724164053357519,0.03386857875355006,0.04033591502583591,0.12346939291182996,0.07694176176617441,0.04016927300876577,0.04253449507060304,0.1693624282139542,-0.052148712737685274,-0.07278409531873883,-0.04072850701909779,0.009592274608244368,0.026278890074210904,0.020517348651009622,0.03136583290071602,BGD
0.018734033494181096,0.01838952354416272,-0.06429548563611491,-0.06871345029239766,-0.10282574568288853,-0.11461067366579178,0.12608695652173912,-0.24219024219024218,0.015748031496062992,-0.09439124487004104,0.12537764350453173,0.5937360178970917,-0.015440763615946098,-0.0647276874821785,-0.4454268292682927,-0.2517866959868059,1.1873622336517267,-0.25831373866308366,-0.3211050724637681,0.15743829219479652,BRB
-0.22168087697929353,-0.28482003129890454,0.1050328227571116,0.09504950495049505,0.42224231464737794,0.2968849332485696,-0.21274509803921568,-0.273972602739726,0.018867924528301886,0.08585858585858586,0.06821705426356589,0.1741654571843251,0.021013597033374538,0.08595641646489104,0.2508361204013378,-0.13992869875222816,-0.277720207253886,0.09899569583931134,0.13446475195822455,-0.21058688147295743,BLR
0.0001946598319436784,0.0001946219468682085,-0.016782876601264797,-0.017069349385668342,-0.012953020134228188,-0.013123002651798464,-0.07568554499104313,-0.0035779508777160746,-0.08109220123433701,-0.06301135669800953,0.06611929275815631,-0.07872539831302718,-0.03923216418240524,0.032041248503821014,0.0026318137211169598,0.09707701205676914,0.04067480433107588,0.044072948328267476,-0.07733363191878476,0.0909752841713523,BEL
0.5930309007232084,0.37226578621543543,0.06996240601503759,0.06538772355152665,0.8910691906866302,0.47119861878934793,-0.486036036036036,0.6155265464274182,0.4348713702424121,0.8483588207786522,0.6452606137598036,0.1918205761586154,-0.16486765456771552,0.31461752630523604,-0.3063418756829337,-0.38020792029241496,-0.7983354561792263,1.1972659629693718,0.2800309760067202,-0.06245706141115429,BLZ
-0.0004267931238885596,-0.00042697535403373105,-0.11645981157597475,-0.1318104293407464,0.12899084271748545,0.1142532231767301,0.02422349556107518,-0.039857856319631194,-0.21233870161048315,0.317808045210655,-0.12337677982027127,0.030478755565327323,0.03821842912388319,0.022169132757912043,-0.023698826367771608,0.039023887973640856,0.05083737984342483,0.12155790267823463,-0.23322542672160093,0.36540833950160373,BEN
0.001075268817204301,0.0010741138560687433,-0.1888412017167382,-0.2328042328042328,0.18448275862068966,0.15574963609898107,-0.08564231738035265,0.06336088154269973,0.038860103626943004,-0.04987531172069826,0.11548556430446194,-0.05647058823529412,0.03740648379052369,-0.0985576923076923,0.27466666666666667,0.0794979079497908,-0.1065891472868217,0.0,0.0,0.0,BMU
-0.07142857142857142,-0.07692307692307693,-0.08333333333333333,-0.09090909090909091,-0.1,-0.1111111111111111,-0.125,-0.14285714285714285,-0.16666666666666666,-0.2,-0.25,-0.3333333333333333,-0.2,-0.25,-0.3333333333333333,-0.5,0.5,0.6666666666666666,0.4,0.0,BTN
0.005594522378089512,0.005563397824462343,0.0042113955408753095,0.004193734067922046,0.015886013756960367,0.015637594712236014,0.04746031746031746,-0.024700712229125624,-0.011808576755748913,-0.0440251572327044,-0.05098684210526316,0.16984402079722705,0.12118518518518519,-0.08218816067653277,-0.038727325079182265,0.0214168039538715,0.05146627565982405,-0.025240552224236507,0.001430615164520744,0.0,BOL
0.003968253968253968,0.003952569169960474,0.001968503937007874,0.0019646365422396855,0.0,0.0,0.0,0.19607843137254902,0.0,0.0,0.0,0.0,0.0,0.0,0.0,0.0,0.0,0.0,0.0,0.0,BIH
0.6790123456790124,0.40441176470588236,-0.06544502617801047,-0.0700280112044818,-0.08132530120481928,-0.08852459016393442,-0.1223021582733813,0.319672131147541,-0.18012422360248448,-0.38636363636363635,0.5061728395061729,-0.29508196721311475,-0.1511627906976744,-0.1780821917808219,2.9,0.6153846153846154,0.1402116402116402,1.7099767981438516,-0.9306506849315068,-0.5308641975308642,BWA
-0.007061944947212104,-0.0071121707051873114,0.049487548389967516,0.04715401194219694,0.06653410232647418,0.06238347389112138,-0.057489458457189294,0.047845660428228,0.0054193351263774475,0.038455950662502784,0.005216188152424616,0.011127752730225735,0.04232900446020417,-0.04851274272726832,-0.025435177604412704,0.07149137763214453,-0.06685184462609985,0.002273659782094537,-0.08738426076821386,0.007142857142857143,BRA
-0.05934718100890208,-0.06309148264984227,-0.25371360665478315,-0.33996815286624205,-0.08624849215922799,-0.09438943894389439,-0.13070942662779397,0.07490217998882057,0.40873634945397813,-0.15873015873015872,0.11891180342255375,-0.07568627450980392,-0.16928298684768775,0.2007150153217569,-0.08379413015737984,1.0998142989786444,-0.3751934556710148,0.12738853503184713,0.05775266792215945,2.944213649851632,BRN
0.5699119042240796,0.36302158273381296,-0.2713765438615011,-0.37245101235104494,0.366212628419716,0.2680495120611719,-0.1980943496801706,-0.314333194848359,-0.34149297140087254,0.3882959146117041,0.18014316012725345,-0.004380545883410087,0.01286101083032491,0.19948763644464246,-0.10641656606927291,-0.004364543281720877,0.009289218244442125,-0.1015511892450879,0.0162292817679558,-0.02435156869407634,BGR
0.0209375,0.020508111417202327,0.009898020395920816,0.009801009801009801,0.0,0.0,0.058823529411764705,0.0,0.0,0.05555555555555555,0.07368421052631578,0.08754901960784314,0.06373388623456233,0.2305084745762712,0.03305785123966942,0.35333333333333333,0.009852216748768473,0.00975609756097561,0.0024154589371980675,0.0636144578313253,BFA
1.7074975337060179,0.6306552498937269,0.14483092507075823,0.12650857161445625,-0.18235633843488305,-0.223026664312202,0.3360909090909091,-0.05729060352452882,-0.032840129916997474,-0.031492537313432836,-0.12860224996147326,0.6150853302679282,-0.30933479332055847,0.37177962742766546,-0.38433978618896275,0.1553407171015581,0.07498578276058168,0.2132708585247884,0.2532702130310203,0.08374751491053678,BDI
0.06963361841410622,0.06510043926755836,0.8177386468952734,0.4498659080016723,0.21418373375344624,0.17640141915864166,-0.10297108192879054,-0.16066659896749616,0.2556528904540951,0.2565104166666667,-0.049740932642487044,-0.05997818974918211,0.07888631090487239,0.05396559139784946,0.14434985941472453,0.010441499253796544,0.12841652035045306,-0.022226288101984775,-0.027288066468880698,0.03577318384131353,KHM
0.04197241421307432,0.040281694256534634,0.02485486891385768,0.02425208648342462,0.08039497274973463,0.07441257575007018,-0.09477849925077804,0.09506710469350854,0.10344961240310077,-0.03591977238399663,0.010055963623644632,0.12039361671428159,0.10753380553766903,0.05232558139534884,0.049723756906077346,0.04736842105263158,0.04020100502512563,0.03864734299516908,0.04186046511627907,0.04102678571428572,CMR
0.0569311501895905,0.05386457781983083,0.000636530139920281,0.0006361252270405062,0.03541976941684113,0.034208125499467626,0.043357951097852225,0.05188041477290455,-0.056048422646782795,-0.020092107008931378,-0.06914269120243434,-0.07378663446208848,0.026134438153490102,-0.013747828932464068,-0.10148940145234252,-0.0539216688822988,0.041158802045990345,0.011305489293179103,-0.01600615928597907,0.013950517681860966,CAN
0.06818181818181818,0.06382978723404255,0.0,0.0,0.0,0.0,0.0,0.0,0.0,0.0,0.0,0.0,0.0,0.0,0.0,0.0,0.0,0.0,0.0,0.0,CYM
0.017857142857142856,0.017543859649122806,0.017241379310344827,0.01694915254237288,0.13333333333333333,0.11764705882352941,0.10526315789473684,0.09523809523809523,0.08695652173913043,0.08,0.07407407407407407,0.06896551724137931,0.06451612903225806,0.06060606060606061,0.0,-0.08571428571428572,-0.0625,-0.03333333333333333,-0.034482758620689655,0.03571428571428571,CAF
-0.2435,-0.3218770654329147,0.310916179337232,0.23717472118959107,-0.07932692307692307,-0.08616187989556136,0.014285714285714285,0.04225352112676056,0.04054054054054054,0.025974025974025976,0.0379746835443038,0.036585365853658534,0.03529411764705882,0.03409090909090909,0.04395604395604396,0.05263157894736842,0.2,0.00016666666666666666,-0.16680553241126478,0.1,TCD
-0.24939493874564359,-0.33225853597213023,0.15656390071890636,0.1353698663961309,-0.0035356058610333287,-0.0035481507235272615,-0.13162269786955283,0.3560941908437498,-0.1089294831952172,-0.058315613744983556,-0.07373657957585364,-0.04681389664382047,-0.029842520864329123,-0.20239111333925372,0.1373358273879742,-0.1321169359083854,-0.23929888348457834,0.13277425471353957,-0.17773788081564645,-0.14198952791173164,CHL
0.04195804195804196,0.040268456375838924,-0.02258064516129032,-0.0231023102310231,-0.013513513513513514,-0.0136986301369863,0.013888888888888888,0.0136986301369863,0.006756756756756757,0.006711409395973154,0.0,0.013333333333333334,0.0,0.03289473684210526,0.01910828025477707,0.025,0.012195121951219513,0.04819277108433735,0.028735632183908046,-0.00558659217877095,CHN
0.017359856724494423,0.017063634474812534,0.009081387056516312,0.00899965768173235,-0.04473190769073624,-0.04682654853738639,0.04285290747522016,-0.13565429860081293,0.07564982398748356,-0.1405348671922778,0.16979335942382953,-0.07203156467058484,-0.057063388016865675,-0.23750117426021605,0.07790015769761482,-0.17734395537826747,-0.01867315039944425,0.30175135563704325,-0.10928391194640216,0.054312786949301556,COL
-0.01492596093257719,-0.01515212089713349,-0.012746610375903224,-0.012911184210526316,-0.034366408397900526,-0.0355894913938139,-0.011182680264805869,-0.005971229530444223,-0.022663147355966144,-0.025516856025330603,0.3762423547400612,0.5772515797514062,0.969930439376596,0.417968488099229,-0.398237899349063,-0.049345206914614984,0.20487106017191978,-0.7883472057074911,0.3692739844425238,0.29454000315606754,COM
0.04610453346420465,0.0440725873842915,0.18697378693671682,0.15752141200965314,-0.014162840989457075,-0.014366308735686043,-0.013946737346964534,0.0058752,-0.003978757338219824,-0.0010731898438764299,-0.0013216121963489397,-0.011974284104297935,-0.013324864871871313,-0.016955461261237592,-0.014437104382803765,-0.014689265536723164,0.04318348623853211,0.009665192116580333,0.004851662805079874,0.02880472941931122,COD
-0.027686759175774636,-0.028475143619667978,0.03495518565941101,0.03377458864283063,0.06493972757735324,0.060979721101292336,0.03732162458836443,0.058646616541353384,-0.04222783389450056,0.08177090962355353,0.002268034257472665,-0.08632801945420157,0.13148750554487654,0.06481753732562319,0.12344675237014083,0.10679611650485436,-0.09792237273916155,0.004390223887741565,-0.05713663226122716,0.25282343086565956,COG
0.005855763303883296,0.005821672964967828,0.2141145410235581,0.17635448204339027,-0.030116884224895488,-0.03105207600281492,-0.10558329550612801,-0.3233184463391528,0.07445,-0.1067522918702592,0.028965876530346445,0.0837425953116298,-0.0743284279373978,-0.09579085495104471,-0.22259432909131502,0.08019816197587594,0.23349950149551346,-0.20541006573984266,0.0002712600027126,0.0,CRI
-0.001258406568469695,-0.0012599921508685684,0.05373786675490845,0.050997376530084855,-0.06506853578676096,-0.06959711837435832,-0.013839988550164592,-0.2104697908654195,-0.21573132846822668,0.28512832532520804,-0.1373335765092103,0.13435517970401692,-0.07699189264746994,0.11535821016073015,0.12093343230081285,0.11646236090249851,0.09478069667862515,-0.005510042283298097,-0.14964856569629167,0.0546875,CIV
0.10169106760980429,0.09230452220188202,-0.019999927094041314,-0.02040808735323501,0.003970431322217604,0.00395472934097149,-0.06020567407280436,0.5118534612347321,0.14983932186402538,0.09174852975044889,0.06203115260191577,0.21967213440783911,0.1371001800168276,-0.05236204594136779,0.3516873379196591,-0.09894869945533208,0.17770314826186628,0.04644069325426669,-0.08381535669728933,-0.005371241506423482,HRV
-0.15122709804908874,-0.17817144927870807,0.0829776584533719,0.07661991713834088,-0.2620973629646935,-0.35519233813519074,0.04609341434972074,-0.055562074630368455,-0.12300428651301484,-0.02291563363320819,0.06880052198499294,-0.026148889265728337,0.0061990666573796755,-0.16945867368129586,0.00458409734955826,-0.07408943831411267,-0.009722222222222222,0.13360177351490748,0.02306832694763729,-0.08036201919325896,CUB
0.2705572409388472,0.21294376374489477,1.2702289680895151,0.5595157959588815,0.5321091520959836,0.34730498892199557,-0.6616080352143126,0.6490155006284039,-0.221165083075047,-0.5116859393603315,-0.9183032732130929,-0.1839738348323794,-0.2940881763527054,-0.0099361249112846,-0.14838709677419354,0.11363636363636363,-0.10355253212396069,0.07841483979763912,0.16888193901485535,0.008026755852842809,CYP
0.06072644721906924,0.057249866238630286,0.08881578947368421,0.08157099697885196,0.03534593897722389,0.03413925495486147,0.028898254063816978,-0.11683245562707237,-0.06316254416961131,0.09523809523809523,-0.07963839862247095,-0.026192703461178673,-0.012487992315081652,-0.029669260700389104,-0.032832080200501254,0.04508940139932625,-0.0674435903793702,0.013560223344855092,0.0076075550891920255,-0.08695652173913043,CZE
-0.03692586103746734,-0.03834165984069052,-0.007463390985240812,-0.00751951204364073,-0.029900807580264248,-0.030822422917064933,-0.2850400874130238,0.05757737672138174,-0.16504553473513564,-0.04708663976859163,-0.24739288319632693,0.05747006751366275,0.12622360205275535,0.0647211450436643,-0.13489129791604526,-0.2981586768045763,0.32954116032538433,0.11468705122067975,0.16628150724824398,-0.22864737356883955,DNK
0.25,0.2,0.16666666666666666,0.14285714285714285,0.125,0.1111111111111111,0.1,0.09090909090909091,0.30916666666666665,-0.17313812858052197,-0.05388760585065435,-0.01871440195280716,-0.12271973466003316,0.502835538752363,0.048427672955974846,0.29994001199760045,-0.21458237194277804,0.3501762632197415,-0.12445604873803308,0.10337972166998012,DJI
0.0883495145631068,0.08117752007136485,-0.0049504950495049506,-0.004975124378109453,-0.0008333333333333334,-0.0008340283569641367,-0.20701168614357263,-0.2631578947368421,-0.17285714285714285,0.19861830742659758,-0.024495677233429394,0.03249630723781388,0.1044349070100143,-0.09326424870466321,-0.054285714285714284,-0.055891238670694864,-0.1552,0.38257575757575757,0.2945205479452055,-0.18518518518518517,DMA
-0.10559174809989143,-0.11805766312594841,0.0414905122406843,0.03983762862267535,0.28352246935996367,0.22089404441929553,0.04843288337871502,-0.214068630159695,-0.2130352246361527,0.1575091575091575,0.05811979005866008,0.12203661827996207,-0.07469769860876349,0.018056628960865594,-0.03347135955831608,-0.0244198500535523,-0.034765424870087096,0.045040946314831666,-0.13706283558264404,0.23097620449003617,DOM
-0.27072551758671015,-0.3712258197912461,0.4252252224304168,0.2983565093699971,-0.23246028007222264,-0.3028641698101256,0.2517694387612832,-0.10700680306162803,0.30162792131713634,0.010062727854138897,-0.12820108301709804,0.23633860405061063,-0.013632111019026012,-0.19813346862410489,0.2664714385031285,0.0116087348868252,0.002028076860013898,0.29026954477185996,-0.02879871247486246,0.11225887287204192,ECU
0.09659629991475618,0.08808738450263336,-0.026944523085634102,-0.0276906340130547,0.05314390539010968,0.05046214968164669,0.014020505076876398,-0.0872811534500515,-0.11166850912972211,0.07535602510627828,-0.009053060030061587,0.0035544387530470453,0.036336058381663705,-0.0056505050348606995,-0.025583447989408373,-0.05625874172450081,0.00739615738571243,-0.03381176826636926,-0.001969303232093552,-0.02469828225030731,EGY
-0.11969098593501004,-0.1359647396796663,-0.06321734377846602,-0.0674834694671334,1.3739833159541188,0.5787670480750225,-0.012770219514230866,0.19532747153646715,-0.030673110927737827,0.05117478231259425,0.26484335230690914,-0.0251902531830821,-0.09126053258768556,-0.18257475631918058,0.3713210216507086,-0.08966304968589378,0.04674788521471648,0.22208259222024593,-0.202021800003164,0.07222299319997622,SLV
0.09573412698412699,0.08736985061113627,-0.1974188176519567,-0.2459798734308538,-0.011557512383048982,-0.011692650334075724,0.0,-0.014084507042253521,0.07142857142857142,0.06666666666666667,0.13325,0.1912640635340834,0.42018518518518516,-0.03820576346329378,-0.03538503253796096,0.5120168657765285,-0.2098903141847927,-0.10588235294117647,0.0425,0.009718540956708318,GNQ
-0.21511377613776142,-0.27407001116574264,2.930298451076691,0.7455663959244483,-0.19115796098174953,-0.23633534331842054,-0.14811512990320938,0.10689191209448348,-0.4561048082117774,1.1884777750186244,-0.7467377737433337,-0.1196236559139785,0.6946564885496184,0.07687687687687687,-0.1804238706079197,0.5148009527050017,-0.034141958670260555,0.0,0.0,0.0,ERI
0.05920713760117734,0.055897600666915605,-0.0339120351333125,-0.03510242997178015,-0.04844415820445182,-0.05091047322355734,-0.21645093537830312,0.1049396568920806,0.12362200282087447,-0.12750424277723663,0.14456056350996732,0.031535336470777525,-0.039734841099629555,-0.027450661902054738,-0.1503653444676409,-0.1798759137539161,0.04458159810648051,-0.020737128925856878,0.07802706344092321,0.03150301581263924,EST
0.0,0.0,0.0,0.0,0.1,0.09090909090909091,0.0,0.0,0.0,0.0,0.0,0.0,0.0,0.0,0.0,0.0,0.0,0.08333333333333333,0.0,0.0,SWZ
0.29817559863169896,0.22968818620992534,0.06003571428571428,0.056635558101142146,-0.10780562464128564,-0.12083199313820092,-0.25097560975609756,0.085965483555845,-0.05547226386806597,0.04656084656084656,0.34014155712841254,0.26527840651878676,0.01651759093619559,0.05930662286619347,0.33132129803965,0.20427602845139553,0.3253315833103067,0.30616872116963334,-0.09178155988746782,-0.0004174081152925152,ETH
0.07598245811734657,0.07061681865175903,0.19072875258293684,0.1601781700233632,-0.024146721427559834,-0.024744213046948696,-0.0764434523809523,0.3328569356943751,-0.04518516638036332,0.02833931209115847,-0.030492684628485832,-0.013799817977861029,-0.004463998283077583,-0.0958027033436092,0.10051736881005174,-0.03890898849628458,-0.07889457430741835,0.07096884712331449,-0.05027077668349976,0.07458556889541179,FJI
-0.02063335176095466,-0.02106805637914519,-0.04444373256294812,-0.04651084826449102,-0.04515176311146342,-0.04728684765507314,-0.1435538502621186,0.11116398903785878,-0.027240773286467488,0.13446137262493074,0.1019164112789904,-0.09722669225210563,0.040089865873838,0.009513277197883927,-0.015343023888992101,0.05600447619419396,0.03367629844125439,0.09040625596032806,-0.000497419975511632,0.050379266405254496,FIN
-0.02549789115010647,-0.026165044609496924,0.06883504951127639,0.06440193886114695,0.005380064816518895,0.005351274612253811,0.010134558535456,-0.062254006727700484,-0.09988807309148966,-0.005562231696550048,-0.06967643159189593,-0.09666657455664823,-0.11988796447876572,0.027363060322903768,0.10920641378723235,-0.056559333775223895,0.14092365621048022,0.02898931594370711,-0.09054763528897228,0.11057848822309045,FRA
0.08285082297833583,0.0765117606416534,-0.055140082598504295,-0.0583579444772593,-0.06540375527955505,-0.06998075976553761,0.09403415924945874,0.013038985026055981,-0.04794669213405105,-0.05339352073501585,-0.0892801233110956,-0.17157666472734967,-0.055449147672859606,0.10487005306025889,0.1171540438027652,-0.0006023766496905975,0.0027397260273972603,0.0069672131147540985,-0.1045991045991046,-0.06060606060606061,GAB
-0.04063162558146894,-0.04235247550879045,-0.00029277029587021665,-0.00029285603541835345,0.1445581748001103,0.12630041703678055,-0.0010426413581072049,-0.12174169030669593,0.06514916049608435,0.0721499070233157,0.16268644768791526,-0.01590397943727911,0.0700310160677223,0.016127626187777876,-0.10990048043925875,-0.13103614457831325,0.21252287726692917,0.17778895851438503,0.08675728155339806,0.04096983990851916,GMB
0.11169995923359152,0.10047671433810047,-0.2015994668443852,-0.2525041736227045,0.005583472920156337,0.00555247084952804,0.8255107675317505,2.6261343012704175,-0.16800133466800132,0.47844395428113096,1.9884714498847145,0.09927838794590178,0.03267757983609603,-0.07949866069643785,-0.4235053964255467,-0.5453346894187667,0.0,0.0,0.0,1.491963545981773,GEO
0.06276357699091836,0.05905695147045362,-0.11650888619135846,-0.13187329716209634,0.04333509731287117,0.04153516681695221,0.16176523636888335,0.00270137047976495,0.08912569723197454,0.04147237781126496,-0.008620071868057617,-0.05586707560126811,-0.1102300195784615,-0.0036919118038738438,-0.03809645233727884,-0.08326812979139142,0.09654024103578225,0.03247882878859413,0.07827620157944823,0.03606959471850357,DEU
-0.03575818468612085,-0.037084250152002465,0.010649521404092182,0.010537304157920972,-0.0894029114509254,-0.09818053733663704,0.05263668271186258,0.06875153537504095,-0.10455140775432119,0.06311750471275586,-0.17279609648129984,0.06869207754615553,-0.07651928986002049,0.07534852195880894,-0.009400014897920594,0.0586619080810155,-0.1784676159150266,-0.04295068120525278,0.2028276482708538,-0.05407091788835127,GHA
-0.1354004470007521,-0.15660480800742432,-0.04903791680890166,-0.05156663727784742,-0.01643184218022893,-0.016706358425279313,-0.023912638466926664,0.001172940476469748,-0.015559465510153159,0.06284938413186121,-0.021823152961582683,-0.10625334301811318,-0.031478029418305575,-0.15630823088704499,-0.09879338499112283,-0.034820899180191836,0.051225177821971626,-0.06230988356147306,0.08731368211830284,0.16714455588399832,GRC
0.08243500317057705,0.07615700058582309,-0.037016875340228635,-0.03843979649519502,0.13815402704291593,0.12138429752066116,0.17181022570244128,-0.1985062893081761,0.004413928396272682,0.05615234375,0.02034211742949607,0.08110557317625736,0.10980720871751885,-0.17598187311178248,0.06416131989000917,-0.025409130060292853,0.19089703932832522,0.0575139146567718,-0.05017543859649123,-0.05799778352419653,GRD
0.20867633607735528,0.17264864864864865,1.3070895178390338,0.5665534465534465,-0.20120909114098412,-0.25189206450582785,0.011482477483245827,-0.5774814314652262,0.8956252497003596,-0.0742926392328363,0.022539700609027265,0.2964653492902867,-0.13490189343523248,0.10834284579879895,-0.11140963639620276,0.007407780689377141,0.10479715872142464,0.004074979625101874,-0.07571248196248197,-0.07249841440210762,GTM
0.050536616161616164,0.048105525675310234,0.1558755231924775,0.1348549390179629,0.012244162031623922,0.012096055962475778,0.3004778462785588,-0.19844166495796597,0.11672976568095773,-0.04049918451868277,-0.21624744552034988,0.1515723806854873,0.35162358617333067,-0.11148685673132623,0.07925711869185227,0.0794530612244898,0.17944083549492185,-0.1728701406120761,-0.023255813953488372,0.015873015873015872,GIN
-0.02142857142857143,-0.021897810218978103,-0.028731343283582088,-0.029581252401075682,0.07988915281076801,0.07397903072072733,-0.15988530857454944,0.080773606370876,0.050075187969924814,0.01202921380495489,-0.08023206452525825,0.04676923076923077,-0.012198706643151088,-0.020383871447701235,-0.00531591737545565,0.04275461902580547,-0.017864987553082443,-0.0010436857015058893,0.0,0.0,GNB
0.043811621349031556,0.041972728079429714,-0.03740537471612415,-0.03885890668160862,-0.00889807106183648,-0.008977957566251134,0.24320553137430492,-0.04985342155959461,-0.059045469772034065,0.0073636874648679036,-0.117459963171698,-0.1112797167425392,0.03407797381900968,0.036303176241256736,-0.044325927237319644,0.24682181312955886,-0.08498625659312087,-0.23386376552731997,-0.031473533619456366,0.15274358553531375,GUY
0.04955104755570336,0.04721166032953105,0.060514372163388806,0.05706134094151213,0.04723346828609987,0.045103092783505154,0.02466091245376079,0.1624548736462094,0.13975155279503104,0.11353315168029064,0.10195758564437195,0.09622501850481126,0.08102633355840648,-0.14366021236727045,0.20568927789934355,-0.0012099213551119178,0.0,0.0,0.0,0.0,HTI
-0.13621825023518344,-0.15769984752777172,0.07909878458753555,0.07330078183506575,-0.0593357521629919,-0.06307856634227392,0.09842295268858066,0.01303119414172865,0.20319881609653367,0.06655943989781919,-0.2621307549010911,-0.14883385429189708,-0.12372881355932204,-0.02683752417794971,-0.07403726708074534,0.09095787496646096,-0.028611247745532056,-0.27090893746307704,0.24539877300613497,-0.014778325123152709,HND
-0.01048646767035071,-0.010597599050173694,-0.06385555555555555,-0.06821122096542556,0.040691157363768375,0.039100127906193965,-0.07271335178750221,0.06414979294225248,-0.03330468414267297,-0.045862043417055645,-0.0025172128177253198,0.025813022634238746,0.005305895298685858,0.0568993174598182,0.016129992262365337,-0.09073336457357076,0.09598015847452168,-0.054899517425012784,-0.09699668509661731,-0.016653695426088036,HKG
-0.02241651327899027,-0.022930535942438303,-0.011286992429456298,-0.011415842962550467,-0.024714828897338403,-0.025341130604288498,-0.031703703703703706,0.1080171358629131,0.05067660867163767,-0.008673938756735444,-0.0688055150470635,0.052676537585421415,-0.13903164728157966,-0.0235626767200754,0.13384813384813385,-0.04696367763904654,-0.03647461664433527,0.1531211372064277,-0.20594935012729465,-0.1481606479919001,HUN
-0.09034555926768756,-0.09931854913493893,0.08834538138906327,0.0811740306889596,0.037364640613265894,0.03601881069628206,-0.06552662283648165,-0.12619669450946852,-0.03955110952089026,-0.2003318398365597,0.05416296067707039,-0.08054849312870631,-0.10880281770987599,-0.07108787803839126,0.06706759549024412,0.19275358928572975,0.005206748143171046,-0.2085691801743406,0.21980230383778177,-0.18771029090225885,ISL
-0.009802836841799244,-0.009899883787319107,0.0364093252553914,0.03513025632649478,0.007705236141751871,0.007646319444814308,-0.006859145955194349,-0.08818491396389312,0.08721792354842786,0.04079469324054951,0.0033414686420086778,0.06128947099871398,-0.008227959853000694,0.1516720410202708,-0.08051289532924949,0.1290313579014661,-0.04666346244782846,0.07151981645455438,-0.027782565730143184,0.04530898359905867,IND
0.03263118526935672,0.0316000385566944,0.018092791712379132,0.01777126000661295,0.029609706302820584,0.028758184894298204,0.06672991583501729,0.008705538280212985,-0.0077054407952674864,0.020262519516312267,0.050800535343553097,-0.007816268214358246,0.02258571010231342,0.053697830780045024,0.06849377075541406,0.018401562310644666,0.047383918027311844,0.06296114053016806,0.03204256641278254,-0.02303366135195584,IDN
0.0221366124102637,0.02165719546828887,0.02272547829140995,0.022220506649913215,-0.07702394066527601,-0.0834517210780033,0.07783879964782446,0.05674291606092716,0.10967053163599016,0.08600788665430976,-0.09668990914575479,0.012600337167642832,0.030722681822862776,0.05537476330488234,0.09954694015552801,0.1113600675667365,0.03140350132899986,0.12164274396328792,0.016899454701999425,0.09035731813057502,IRN
-0.13278784526791815,-0.1531203691545835,-0.04002392132541863,-0.041692623612745436,0.12599316222853565,0.11189513973528342,-0.3384615384615385,-0.24790697674418605,1.010513296227582,1.271416487234697,-0.10229369445619975,-0.34794086589229145,-0.18319838056680163,-0.31499380421313505,0.6301943353318172,0.6193842934593069,0.11308416704191711,0.037764058185144146,-0.5373559322033898,0.02579132473622509,IRQ
-0.006605681323763214,-0.0066496065052654195,-0.06686216602193475,-0.07165304372762839,0.010128300340597711,0.010026746441202196,-0.05491340361445783,0.031047281370967208,-0.04311105386869305,-0.18811431417217117,0.012811001463048696,-0.03907631113730112,0.2715495764823119,0.16698148594700318,-0.30130696069934165,0.25455322155314763,-0.096507828410155,0.11043304946548288,-0.13723141790460278,-0.017127316329579798,IRL
0.10240963855421686,0.09289617486338798,-0.038253968253968255,-0.03977554051823733,-0.06660364386387074,-0.07135622870822209,-0.19591512988300613,-0.17632552404438964,0.24281437125748503,-0.07973982172970369,-0.10078534031413612,-0.2116448326055313,0.0014771048744460858,-0.03687315634218289,-0.014165390505359877,0.2520388349514563,-0.38492555831265507,0.029752899646999495,0.01762977473065622,-0.15399422521655437,ISR
-0.08058337831352172,-0.08764620566213839,-0.007014772531668545,-0.0070643271799250024,-0.05302314464118519,-0.0559920174829344,0.09488231242053671,-0.029428876240843158,0.03337823311291829,0.06453324205810033,-0.08926524770750732,-0.17914912800388283,0.0711242132905759,-0.07685250667923935,-0.07290533049312749,-0.07069421662886198,-0.12110187007485033,0.03333207805719219,0.08117065369929177,-0.003214285534608252,ITA
-0.13830138115852403,-0.16049855266620416,-0.3421292602302519,-0.5200554448583558,0.844043321299639,0.4577133907595928,-0.16183185603008327,0.07923409709982375,-0.027837577017296413,0.3517868051313378,-0.07371631926792069,-0.20386632516160508,0.23738031405591728,-0.04729478766868887,0.16946068875893439,-0.14529392154683854,0.19281024507573294,-0.17139898632078043,0.11977111286503551,-0.013215859030837005,JAM
-0.054722066509069286,-0.05788992270979983,-0.02196058246026294,-0.022453678314423048,-0.06643908640441484,-0.07116738226381658,0.0662718849295204,-0.07268941718718035,-0.002300078721193974,0.0023173157597737764,-0.004747703150045886,0.00253517324323397,-0.047418966911287073,-0.010004252250395383,-0.07399908699696493,-0.02991357349862316,-0.007106326722520759,-0.0003774408174136738,-0.04931800684202422,-0.07741877148526186,JPN
0.03409090909090909,0.03296703296703297,0.0851063829787234,0.0784313725490196,-0.02181818181818182,-0.022304832713754646,-0.08555133079847908,0.02702702702702703,0.032388663967611336,-0.025490196078431372,0.018108651911468814,-0.011857707509881422,0.138,-0.14586994727592267,0.02880658436213992,0.296,0.1728395061728395,0.14868421052631578,0.0,0.0,JOR
-0.21766087683238092,-0.2782180647582752,0.2324,0.18857513794222655,-0.16318951392681594,-0.1950137057825349,0.021363710069725962,0.32192895415757095,0.12955623611361317,-0.20137689056643895,0.1383258445664836,0.4989912575655683,-0.25546647941170736,0.22680115273775217,-0.2547889038375296,0.05854539202200825,-0.06083001705514497,0.07047734347976478,0.08950642216657242,0.021601047922690988,KAZ
-0.02289387281402197,-0.023430282726765107,0.12313937949092887,0.10963855576566348,-0.16365838750799944,-0.1956836597193287,-0.16968565962843474,0.0561270036172967,0.16200604727051907,0.07670362358031368,-0.1694272474978966,0.028930617922317475,-0.014341446928564606,0.04807799816632751,0.29131551060758,-0.12440518152978498,0.02729274122531136,0.031288460007714965,-0.018061022745489198,0.03630273237920756,KEN
-0.04962962962962963,-0.05222135619641465,-0.033223684210526315,-0.034365430418509695,-0.01844021611463472,-0.018786645925571378,0.0,0.0,0.0,0.0,0.0,0.0,0.00975609756097561,0.050724637681159424,0.006896551724137931,-0.02511415525114155,-0.02107728337236534,0.08133971291866028,-0.02654867256637168,-0.05,PRK
-0.08130080300027491,-0.08849556336370591,-0.04964568372114902,-0.052239131101691226,-0.03637998144919337,-0.037753451307399585,-0.02502921767047161,-0.04335152459370545,0.0452996893843419,0.06661487422078145,0.06539107533658042,0.04369924834327316,-0.050220155240141215,-0.07313622920833547,0.01274870317002882,-0.045442568203974805,-0.044071590100824495,0.08850775656733928,-0.05021142981561486,-0.1578623189280104,KOR
-0.027680193821926106,-0.028468199090512677,-0.05257758399589638,-0.05549539794260964,-0.11593579822298652,-0.13113956881180094,-0.24253731343283583,0.24655172413793103,-0.032799841928472635,0.1511746680286006,-0.22395740905057676,-0.09009833066544706,0.18321186227695402,0.3536533559898046,-0.3663894555154558,-0.001981178801386825,0.14962779156327544,-0.09410748974746384,0.021443888491779844,0.2813156053184045,KWT
-0.20689655172413793,-0.2608695652173913,-0.19411764705882353,-0.24087591240875914,0.9519230769230769,0.4876847290640394,-0.5827814569536424,-0.8888888888888888,2.7142857142857144,0.4230769230769231,-0.6216216216216216,-0.42857142857142855,0.25,1.7,1.2222222222222223,0.5,0.3333333333333333,0.8916666666666667,-0.8634361233480177,1.8709677419354838,KGZ
-0.073,-0.07874865156418555,0.24457794521942774,0.19651476724208458,0.07162393162393163,0.06683681607911948,-0.10885167464114832,0.0,-0.1087248322147651,0.013742469879518071,0.05515320334261838,0.027807110172474482,0.0547945205479452,0.003246753246753247,0.10032362459546926,0.0031176470588235292,0.1419105142790125,0.546680018487136,0.03980941945980045,0.13219445996647242,LAO
-0.14130632904293206,-0.16455964894376976,0.16647936597902885,0.14271951209295702,-0.06909672074661115,-0.07422545637827026,-0.025605471574523832,0.09470679133600482,0.20118668803981146,-0.0679135295914167,0.1060410715939283,0.01711790617996342,0.033425354895082755,0.009839902458750223,-0.05757224591824971,-0.39166934912766366,0.2284002878550565,0.03008425659493082,-0.31810046334242176,0.40810969925918655,LVA
-0.0743651753325272,-0.08033964728935336,0.020738636363636365,0.02031728360701364,0.041462084015275506,0.03981141959140912,-0.0181360201511335,-0.008209338122113904,-0.01758923952405587,0.0034228541337546076,-0.02912621359223301,-0.02702702702702703,-0.027777777777777776,-0.02857142857142857,-0.029411764705882353,-0.030303030303030304,-0.03125,-0.032903225806451615,0.2134756504336224,0.1794942275975811,LBN
0.03571428571428571,0.034482758620689655,0.03333333333333333,0.03225806451612903,0.125,0.1111111111111111,0.05,0.07142857142857142,0.0,0.0,0.06666666666666667,0.041666666666666664,-0.1,0.0,0.0,0.1111111111111111,0.0,0.04,0.0,0.0,LSO
0.14377708233028405,0.12570376216785056,0.038375245395905394,0.03695701102858429,-0.02066330960236152,-0.021099290780141843,-0.05234558956710741,0.31163990825688076,-0.11497267759562842,-0.26780274965011935,0.6289633460760063,-0.4554113749309774,0.3561470215462611,0.09345794392523364,0.08547008547008547,0.07874015748031496,0.072992700729927,0.0,0.0,0.0,LBR
0.026886949755446865,0.0261829695682178,0.15889132097365438,0.13710631713089386,-0.05959695010906762,-0.06337383754335936,-0.04950809987958103,-0.046182530955681984,-0.06282893088065761,-0.07335205241342425,-0.0786678979568279,0.49251393848274133,0.09375236096537257,-0.04051054064581248,-0.3999920009598848,0.1666444474070124,0.02856816363844132,-0.30554938340184423,0.039955205375354956,0.15383432043688947,LBY
,,,,,,,,,,,,,,,,,,,,LIE
-0.12391260139638927,-0.14143862997446677,0.0931989546096308,0.08525342456342827,0.45043550919126957,0.31055190412596995,0.04701423947357905,0.030425240927451417,-0.13706570857100525,0.10561219014915764,0.21329942800942103,-0.02534757590140417,-0.055088640840446484,-0.13226437819933756,-0.07536819907775057,-0.51666101315704,0.35689114528893534,0.6514289487295176,-0.4326267600471789,0.2560485765291741,LTU
,,,,,,,,,,,,,,,,,,,,LUX
0.028913963328631876,0.02810143934201508,0.0,0.0,0.0,0.0,0.0,0.0,0.0,0.0,0.0,0.0,0.0,0.0,0.0,0.0,0.0,0.0,0.0,0.0,MAC
-0.0009789397995339207,-0.000979899061724969,0.025007595156460224,0.024397473028132038,0.03785329883356618,0.03647268730186545,0.004188280499519693,0.04014693502716767,-0.01668677712704906,0.007819047048964444,0.1030862776833243,-0.18383609955713498,0.08938349386462593,-0.01865968221766349,-0.01981672040605378,-0.07078044212199672,-0.11414778742324794,-0.0839125405126342,0.19758922980588603,0.24034230041916116,MDG
-0.17664270320439207,-0.21453954910202522,0.10810975164797743,0.09756231410038305,-0.08671,-0.09494246077368634,0.29553098308693654,0.05453560689539249,0.05546995377503852,0.22136085242050507,-0.08637531427315318,0.05291729323308271,-0.009911595424099173,0.41793003966822934,-0.16158009318602617,0.5214706060789904,-0.10482327421207095,0.034575226284655404,0.21970394991776387,0.07913557323694076,MWI
0.010060689256556607,0.00996047996280467,0.058527430063422065,0.05529136836814457,-0.005292559874741461,-0.005320720104471115,0.009009600393862312,0.03770241425566388,-0.090742653622362,0.05934268708809182,0.07688534726839089,0.009117970215494074,-0.0004934204662538192,0.025463648277205205,-0.037968440099425585,0.07121519670195295,0.007600443106035598,-0.0160080931516394,0.018606601912133373,0.05903329692644784,MYS
0.05874933867432545,0.055489374612395316,0.004599061588536162,0.00457800705215057,0.1859591364881506,0.15680062724489038,-0.04663857849422971,0.015345989291112649,0.17502270892208316,-0.002485585750024158,-0.22226886459897421,-0.0738490495533212,-0.12535957381630167,0.04905989185125704,-0.016033679684700822,-0.006910249513799809,0.08200833333333334,-0.008918600442079158,-0.01034324658268769,0.014440291475595201,MDV
-0.062148154767223664,-0.06626649516459435,0.060561224489795916,0.057102997065473615,-0.04491671975971603,-0.04702911326058989,0.0,0.0,0.0,0.0,0.0,0.0,0.0,0.0,0.08134,-0.3412895111620767,0.3948391806707942,-0.1947902931969845,0.156,0.10819636678200692,MLI
-0.4358625937601913,-0.7726177859138645,-0.044915254237288135,-0.04702750665483585,0.005121042830540037,0.005094951366373321,0.04884792626728111,0.0,0.23550087873462214,-0.05263157894736842,-0.07282282282282282,0.12631578947368421,0.17972681524083392,0.11882998171846434,0.0457516339869281,0.14635416666666667,0.07042253521126761,0.020797962648556875,0.013721413721413722,-0.007383100902378999,MLT
0.2741377676710252,0.2151555150681366,0.08370306906153423,0.07723801053181427,0.18205686027818552,0.15401700746894714,0.2787338837258456,0.356038066616579,0.12611687529780263,-0.4577747747452251,0.3502165602013163,-0.12490199680117559,0.110439875491481,0.27357307514983864,0.3467046532338056,0.17660230477055786,-0.11394785119794201,-0.024479608491283618,0.06723335421407785,0.5101293786653986,MRT
0.009436346785744376,0.009348134546365077,-0.10245596626147357,-0.11415146489773355,0.05673426937077483,0.05368830274100684,0.02447225854660938,-0.09090080233406272,-0.011633737839735233,-0.1191273465246068,-0.041009100334062895,-0.17465465465465466,0.1433561344782419,-0.06237270875763747,-0.007738256855824056,-0.13079764673689973,0.24759955926334015,0.8489780469341408,0.07396792903445923,0.14759514581612554,MUS
-0.10225847804218573,-0.11390637008654585,0.06556416760734407,0.06153000410530339,0.048665580550066936,0.04640714966971635,-0.06391576201256197,-0.07018764934520715,0.027869396721575977,0.03279339272076336,0.07793426269493431,0.07577444051426456,0.02042689996572097,-0.056262439074393926,0.028384159467951597,0.006069375011532385,0.02859726789779914,-0.059671007084279686,-0.03256573957347087,0.03034950184615322,MEX
-0.1346153846153846,-0.15555555555555556,0.15789473684210525,0.13636363636363635,0.26,0.20634920634920634,0.5263157894736842,0.46551724137931033,-0.3411764705882353,-0.08928571428571429,-0.49019607843137253,0.38461538461538464,-0.2777777777777778,0.6923076923076923,0.13636363636363635,0.0,0.0,0.0,0.0,0.0,MDA
0.20361990950226244,0.16917293233082706,0.1832797427652733,0.15489130434782608,-0.19058823529411764,-0.23546511627906977,0.4524714828897338,-0.20157068062827224,0.2,-0.1092896174863388,-0.4325153374233129,-0.5243243243243243,0.022727272727272728,0.1111111111111111,-0.2,-0.2375,-0.09836065573770492,-0.10909090909090909,0.2857142857142857,-0.7619047619047619,MNG
0.05127017165692093,0.04876973877810416,0.14059990720370122,0.12326838387037627,0.02990487134030774,0.029036537424461318,-0.041010186690672565,0.001615545894474208,0.11589341430569758,-0.1418956707498966,0.00010641988914840459,0.12818644036439047,0.16823134903912668,-0.02704100687659143,-0.15643972117392352,0.20957638923008637,0.07950375602223277,0.08593070895395018,0.0016689230877197086,0.06121157673414191,MAR
-0.036271124365615026,-0.037636232847894247,0.08570501791103714,0.07893950612472883,-0.040272092463279556,-0.041961989587906916,1.3020557810658635,0.03053330906443393,-0.0727690201792732,0.11769608076575075,-0.01341045141773716,0.3134426654286732,0.23940651843327443,0.07809391165937127,0.19071083633231828,0.07655665543821943,0.0658767408601841,0.1398642959734535,0.1320166689708293,0.0453754008381399,MOZ
0.18958789931593278,0.15937275372837473,0.15803888521037743,0.13647113860228188,0.0874222466154409,0.08039402071048227,0.04634286871077752,0.1806289345616359,0.09180007563342997,0.05264828979650743,0.04623104554553182,-0.00038789149521687853,-0.007556331639582383,0.03622001479446264,0.0075312954134054,-0.006928418154581157,-0.022031056502041044,0.02686294945284002,-4.05978026439319e-05,0.05172370043695159,MMR
0.08670994903270081,0.07979125350778542,-0.0148292833580844,-0.015052501163079601,0.029960688975644773,0.0290891577672177,0.019389267619491814,-0.10499414766682283,-0.030119100348565037,-0.08016317836803581,-0.1888831107666042,-0.09801056291174429,0.01616052700752638,0.008135210256383184,0.0838140073154958,0.1344953374885249,0.034336783692103925,-0.08599491907159827,0.14894575497728435,-0.012185989249040373,NAM
0.03428317008014248,0.03314679294016358,0.19583333333333333,0.16376306620209058,0.03592814371257485,0.03468208092485549,0.055195530726256985,0.05606734434561626,0.0018047826740863289,0.0016514036931391683,0.004196642685851319,0.06965174129353234,0.0,0.0,0.0,0.0,0.0,0.0,0.0,0.0,NPL
0.1531494797929883,0.13280973757234096,-0.03806289308176101,-0.03956900384444386,-0.03200853614751883,-0.03306696116939811,0.13413829961468507,-0.008826083404113012,0.06512203912306666,-0.07654165001817835,-0.04967461151206734,-0.09700938489556843,-0.12116759143384716,0.12269797540716697,-0.14806672820479766,-0.06169210150879772,-0.057094890342793955,0.13416321307610318,0.035299313078437235,-0.03693858654376346,NLD
0.2615969076793258,0.20735379588122654,-0.07296747939251483,-0.07871080870463892,0.031790972773050936,0.030811446903445207,-0.0640789332862198,-0.008816018034991805,-0.0011207313321320266,-0.1258790745425879,0.037529519838589924,-0.08522009654492091,-0.02822305403148439,-0.007206164055862893,-0.014327747510612903,0.02692883268500574,0.00475350539060231,-0.002993059884619681,-0.021200221731192917,-0.019666850444563323,NZL
0.05335276967930029,0.0506504290063659,0.24153714436248683,0.19454685303556746,-0.06574448243705315,-0.0703709865247047,-0.1996114122098374,0.2564200843234956,0.43578401464307503,0.14019618258436914,-0.15162432449220448,0.1462878898813882,0.2088975472662238,0.08255620426386284,-0.18226853433549708,0.008206750425258886,0.1924875680795643,0.25556631171345595,-0.19249550244153174,0.11394016549968174,NIC
0.3437199230028874,0.2557972960873847,0.6585626693283901,0.3970683058934789,0.22492307692307692,0.18362220547601105,1.3709677419354838,-0.0786609380594343,-0.02813507946994132,-0.40351473469550964,-0.0035863918216859393,0.007804090419806243,-0.0025367156208277704,0.33850890108419224,0.329325,-0.12549602241739227,-0.03225806451612903,0.044444444444444446,-0.425531914893617,0.2811851851851852,NER
0.1849609311435444,0.1560903201804706,-0.023375678150592626,-0.023935179195954007,0.04494910246795823,0.043015590292194664,-0.012252211800705116,-0.02085814943114138,0.12451558406107671,0.05569954623821156,-0.03965614323502733,0.13375815391576487,-0.005251360232004364,0.03137861286170408,0.02999281987613881,0.05235048451106712,0.07865523047338782,0.053334349938657113,-0.06514237432682134,0.03435018322444044,NGA
0.33974358974358976,0.2535885167464115,0.29389312977099236,0.22713864306784662,-0.14423076923076922,-0.16853932584269662,0.0945945945945946,0.3148148148148148,0.27230046948356806,-0.4575645756457565,0.20408163265306123,-0.062146892655367235,0.3373493975903614,0.06306306306306306,0.13559322033898305,-0.0708955223880597,0.3413654618473896,-0.15568862275449102,0.24113475177304963,-0.12571428571428572,MKD
0.03887255468316406,0.03741802063008531,-0.024530538624820575,-0.025147418341767834,0.00541619363225074,0.005387016507744664,-0.07563983092015507,-0.010848582463734432,-0.04721781240611082,-0.05683055173767917,0.046997623846637145,0.028051119455958045,0.041631627442076005,0.05407334456317977,-0.14224392746141007,-0.05889429593327101,-0.02522896440659103,0.09959265507582758,-0.005971675868215952,-0.097450047332096,NOR
-0.06350622440757125,-0.06781275654223864,0.06710872083714009,0.06288836322553312,0.09237591449996263,0.08456421756813258,-0.02935466008733502,0.1916147341512554,-0.04660154166868667,-0.061388454546610224,0.027602459571471137,0.0010939477013918177,0.04371667434665262,0.03390707091093718,-0.03270358147224069,0.2080963132071188,0.07624645677923189,0.02361169719987001,0.21790017864166,0.08786796461003338,OMN
0.05534159768851084,0.05243951134848109,0.014312874803175986,0.014110907155697251,-0.06671481543605035,-0.07148384710212763,-0.07573280414331729,-0.023369673507728218,-0.09470375150934754,0.1254938484534897,-0.10086408225229404,0.02581035140982057,-0.006862879751181842,0.013715771910884286,-0.0006799203459012245,0.0369498586388818,0.01132847918086708,0.000545906540800215,0.03557578504696432,0.03986139396334235,PAK
0.17545333218243508,0.1492643964492195,0.05932486631016043,0.05600252405742231,0.06306349847976239,0.05932241918751473,-0.10217633885026257,-0.06405520741893149,0.22811017114414925,-0.0033912658835627573,-0.15555412244030864,0.03614988252523574,0.0378195345288058,-0.23934394726178193,-0.06405461365670945,0.044667167402121864,0.12497472307726874,-0.1950648352032435,-0.11650021710811985,0.014189526009450323,PAN
0.5339080149804852,0.34807042519252873,0.20046586014271622,0.16699005510984197,0.14300453008126537,0.12511282879263658,0.2523170838500457,0.37033394500379513,0.04763015875759367,-0.004025556469938891,-0.022317211644153567,-0.10110807123476447,0.035153808007575456,-0.018632643673775772,-0.1807777722311042,0.3892656790014273,-0.1692718603372946,0.20197881014403027,-0.08474428024700237,0.31344966648190975,PNG
0.13636363636363635,0.12,0.0,0.0,-0.06785714285714285,-0.07279693486590039,-0.03305785123966942,-0.03418803418803419,-0.035398230088495575,-0.03669724770642202,-0.0380952380952381,-0.039603960396039604,-0.041237113402061855,-0.043010752688172046,-0.0449438202247191,0.0,0.0,0.0,0.0,0.0,PRY
-0.2716284363536621,-0.37292564662169003,0.730996350038299,0.4222980308549613,-0.0901231308411215,-0.09904980981045756,-0.30524792891414276,0.5772997825374915,-0.02272765813786908,-0.25257529471480666,0.028543959663434662,0.025893706560979765,-0.06409849902481225,-0.3789568115751815,0.9170938057002189,-0.412135591725603,0.2109381890357641,-0.3875202588780002,0.3444311760564437,-0.2122543385093309,PER
0.013220868173362411,0.013048357558206467,0.013514265087301799,0.013334064998224482,0.030691874790418287,0.029777934163553194,0.058239414750642544,0.022345814482732086,0.025504524338013736,0.01658294790275653,0.07037449930253588,0.012992327407300849,0.009040002663661756,-0.004421264049768143,-0.11263373908793266,-0.006566574999223729,-0.0020968748004027956,0.021261567485662356,-0.04216945656908676,-0.058896249863103205,PHL
-0.14700271009034607,-0.1723366672195594,-0.050262385851824305,-0.05292239151431828,0.013225714574471017,0.013053078286732469,-0.19262889366272826,0.06490612475678911,-0.19187644449996877,-0.06291909022396568,0.043587046927735275,-0.06141483335528916,0.5712230518751403,-0.1526220114072347,0.04525568990417558,0.00038828489017084537,0.07956750762406432,-0.10539291217257318,0.07218238186202361,0.06175886441965068,POL
-0.06902280792965483,-0.0741401706911413,-0.08014266233085073,-0.08712509978332764,0.029403497813866333,0.028563627262108825,0.04620535055894759,0.04576232161904359,-0.0066230521756322006,0.039600691146271516,0.11680451798448466,-0.12559070916266368,-0.11263733815706228,0.12255165315190922,-0.03316142825833173,-0.08057957336960293,-0.009605466411057608,-0.06689969110713705,0.03504225106716613,-0.01657022619673856,PRT
0.1219191587249425,0.10867018160515525,0.22047556142668429,0.18064725619655808,-0.20324532453245325,-0.25509147393855713,0.1696014828544949,-0.11727416798732171,0.06552962298025135,-0.21201909575961808,-0.17854597291518176,0.051193058568329716,-0.045810978126289724,0.12153979238754326,-0.2194369456228307,-0.08053359683794467,0.07576571735626007,0.027472527472527472,0.04423918327661643,-0.11499068901303539,PRI
0.05697404515720616,0.053902974645637855,0.1762644440234893,0.14985103470488767,0.0010504201680672268,0.001049317943336831,0.5786163522012578,-0.01425409473218238,0.25157176216992994,0.17517043415859346,-0.07242305813385443,0.16445029624753127,-0.20488466757123475,-0.02161547212741752,-0.056322674418604654,-0.13169041201386214,0.06483370288248337,0.35040812926869896,-0.062295688644914575,-0.04518844964809577,QAT
-0.2518757872829837,-0.33667642752562227,-0.0932016333737998,-0.10278098947240309,-0.026587086272381984,-0.027313266443701228,0.4169054441260745,-0.48483316481294236,0.18802747791952895,0.10077647447546671,-0.07203962179198559,-0.1250202167232735,-0.25693160813308685,-0.33134328358208953,0.2105654761904762,0.2169637369391518,0.31767676767676767,0.19739363740896895,0.4895966709346991,0.367572794670678,ROU
-0.022277289941125874,-0.02278487521250727,-0.05104426406115671,-0.05378993153000587,-0.09724783171151397,-0.10772373097246017,0.014537321088609842,-0.10265329859043322,0.0861751443859538,0.02744619804506159,0.05713275807665234,-0.0259050434458165,0.12904990798375707,0.06363302093421194,0.04556655926842266,0.017959805853128324,0.006466035907361185,-0.02288906672359006,0.04633176486803373,0.0693548694225244,RUS
0.6248306233062331,0.3845512352757219,0.006399638608643276,0.0063589436672402185,0.020368718406184955,0.019962115692845693,0.05714285714285714,0.05756756756756757,-0.1290569895221058,0.13130868544600938,0.1912851770198418,0.2613760069671239,-0.003020626564253042,0.12534626038781163,0.30723076923076925,0.11686477580322467,0.17966280295047418,0.12367128182224207,0.16594459239238443,-0.1473034703756733,RWA
0.5616780045351474,0.35966313343981415,-0.04106151217428449,-0.04281975611114205,0.13298429319371727,0.11737523105360444,-0.10826210826210826,0.023807069978357208,-0.009865109724179585,0.26423342822285484,0.13317249698431846,-0.01362571854375133,-0.04460752572127491,-0.033059718352285564,-0.10809968847352025,0.039207125392944464,-0.05881858667338879,-0.33032764931702524,0.1599786695107319,0.011492931846914148,WSM
-0.11038961038961038,-0.12408759124087591,0.013888888888888888,0.0136986301369863,0.016216216216216217,0.015957446808510637,0.04842931937172775,0.033957553058676655,0.013523303549867182,0.03002144388849178,0.02914642609299098,0.028320971004720162,0.02754098360655738,0.026802807913209957,0.26372488087839235,0.21311475409836064,0.17567567567567569,0.14942528735632185,0.1448,0.026380153738644305,STP
0.037540086776079985,0.03618181818181818,-0.021553488916184124,-0.022028275099381295,0.08283414832925835,0.07649753977288763,-0.03095558546433378,-0.0003968253968253968,0.09027752715724133,0.08381191969679416,0.0112392150874246,0.04042524274776883,-0.017910534413190512,-0.037228068101205956,-0.010192647171693913,0.010685318155735798,0.10397422126745436,-0.04567314374669891,-0.007719196038450335,-0.0007045354469396741,SAU
-0.011017533793706413,-0.01114027211824021,0.00753612661251458,0.007479758207630878,-0.0435373447552207,-0.045519126665827386,0.17898703647874586,-0.07406815489128118,-0.07980438409757781,-0.07867989836137733,0.11936328001997894,0.03865069356872636,0.0417980004576253,-0.08176826535186016,0.04251491890704514,0.08139131982000965,0.020725310078610257,-0.02691994434452099,-0.07267753607393522,0.11452929575941914,SEN
2.037284894837476,0.670758577274158,0.18613413715146948,0.15692503176620076,0.46685276709988405,0.31826832083692974,0.35714623795023903,0.17032085561497326,0.07955617804531594,-0.14667832167832168,-0.2935658137353217,0.05624751961412828,0.17218456914117256,0.07392065488078507,-0.13348639651015956,-0.08982273919609973,0.0789496666763704,0.013665920189946848,0.39722381186867006,0.21090431105099727,SYC
-0.031491441816236775,-0.03251539859936028,0.09248394513597083,0.0846547407380529,0.05526562290913957,0.05237129089525742,0.15587420171104951,0.3806475825115193,0.07968136514648143,0.008063331771485318,-0.03198840064934164,0.41600315333070553,0.007176767114413256,0.005025125628140704,0.01,0.007425742574257425,0.007371007371007371,0.007204878048780488,-0.021198486998551896,0.0,SLE
-0.11113346072613899,-0.12502828694274723,-0.15272210009052115,-0.18025030525030525,-0.2422267734127723,-0.31965601965601964,-0.24702058504875407,0.04220623501199041,-0.11642890013805798,0.6161458333333333,0.13503061553335483,-0.5391822827938672,0.3068391866913124,-0.1834040546911834,-0.06581986143187067,0.2169344870210136,-0.16455053326561705,-0.12887537993920972,-0.11723656664340544,-0.02450592885375494,SGP
-0.01874115983026874,-0.0190990990990991,0.002571638501102131,0.002565042139978014,0.13815789473684212,0.12138728323699421,-0.0572737686139748,-0.02612393681652491,0.056144728633811605,0.014766686355581808,0.16065192083818394,-0.17001003009027083,0.06404833836858007,-0.0868824531516184,0.20335820895522388,0.00516795865633075,0.021079691516709513,-0.021148036253776436,0.013888888888888888,-0.0532724505327245,SVK
-0.029362061681453316,-0.030250272034820457,-0.08348294434470377,-0.0910871694417238,-0.045797413793103446,-0.04799548277809147,-0.23962040332147094,-0.20202808112324494,0.19941348973607037,-0.07647188264058671,-0.018280591862290748,-0.20741531784685052,0.1741437699752985,-0.09104871341374479,-0.053550478214665576,-0.4552177218060896,-0.17513211373735568,0.025696124092989766,-0.16347868453105968,-0.09573024415245547,SVN
-0.0728476821192053,-0.07857142857142857,-0.03197674418604651,-0.03303303303303303,0.10041407867494824,0.09125117591721543,0.034482758620689655,0.0,-0.16666666666666666,0.2,0.0,0.0,0.0,0.0,0.0,0.0,0.0,0.0,0.0,0.0,SOM
0.1379426007374828,0.12122105337130744,0.0782489928235413,0.0725704297841593,0.09739833530794094,0.08875385734990202,0.05916861543423917,0.08458835341365462,-0.09500828643536306,-0.2376352700067506,0.09828244578194502,-0.05057776066537648,-0.20210393114961542,0.22413977590608233,-0.1494280862116331,0.31988313966718296,-0.40096574698708076,0.4140773871002931,-0.06063018361890255,0.08694208753267449,ZAF
0.02828938021777745,0.027511108022710645,-0.07705349889845146,-0.08348641964240303,-0.0844091988618995,-0.09219096430083933,0.0064444435642982,-0.08730468556748786,0.053642008981214066,0.12481729712337017,-0.1473198355030544,0.1257304106464259,0.009741112347661812,0.046149021767888404,0.035229451622268426,-0.08086843546347484,0.06522380641838083,0.07579441577645304,-0.08275349197529645,-0.062005653771093974,ESP
0.044071497999702475,0.0422111877243442,0.024070543963882356,0.023504771332170347,-0.040686828221503886,-0.042412456555843484,0.17298919303600124,0.040953317371321955,-0.3490757520405319,0.2858817610759567,0.09439955779370646,0.062265704174770335,0.04030405572296596,0.15802422968938273,0.09743276941569043,0.11115029285107099,0.03920563094920334,0.07286637961545385,-0.05358711511417918,0.03900369481431317,LKA
0.0500271053286411,0.047643632316504134,0.03531395795043726,0.03410941934980444,0.037705149971703454,0.03633512850228373,0.035083103100469235,0.06778799305173071,-0.06348450581280006,-0.033893996525865354,0.14926106214094637,0.047102638266696174,0.04512226230822492,-0.004742112750704343,-0.004904845987835982,-0.5210680486705723,-0.008821453775582216,-0.005933309600094933,-0.014921809717082488,-0.00018177411536597187,SDN
0.16690362860851826,0.1430312019918419,0.0616628817722575,0.058081414383935395,0.13340622163544846,0.11770380212219937,0.15922488194105194,-0.07647356296004945,-0.0989291798491117,0.07768399729912222,-0.03195388615644873,-0.21905439953399566,0.08333333333333333,0.3420418467658647,0.011543394613082514,0.10633981403212173,0.0026742053789731053,-0.023902054916304708,0.16334443634849588,0.05162733475002796,SUR
0.053908352161510714,0.05115089186924794,-0.08804488825394817,-0.09654519956072755,-0.06435099576408869,-0.06877685485984171,-0.02742368560231079,-0.05906753812636165,-0.050275997480828366,0.05028885274166306,-0.11512677761642483,-0.02903216328860497,-0.12069457412594667,0.04237642258437185,-0.14485344400688566,-0.16386408634410796,0.2354411677407014,-0.024799256823132446,0.1686585385882984,-0.021937919856089495,SWE
-0.008690928843020097,-0.008767123287671232,-0.04145936981757877,-0.04325259515570934,-0.034659433393610606,-0.035903840149859506,0.17551813471502592,-0.11735537190082644,0.08489388264669163,-0.02761795166858458,-0.021893491124260357,0.26073805202661826,0.04798464491362764,-0.038003663003663,-0.0014278914802475012,-0.04528122020972355,0.00199700449326011,-0.01195814648729447,0.020171457387796268,-0.08502224419179437,CHE
0.11467174779144293,0.10287490287490288,-0.03698745948992532,-0.03840807666983686,0.19826536822884966,0.16546031746031745,-0.029091305295271302,-0.04298058579284031,-0.00949812382739212,-0.021664496270865394,0.14436108422071636,-0.26033625885587397,-0.05546819156540386,0.00454063871651279,-0.11104414645171011,-0.1016949152542373,-0.09433962264150944,-0.08333333333333333,-0.06818181818181818,0.0975609756097561,SYR
0.11363636363636363,0.10204081632653061,0.11851851851851852,0.10596026490066225,0.041916167664670656,0.040229885057471264,-0.1270718232044199,0.16455696202531644,-0.09239130434782608,0.2874251497005988,0.046511627906976744,0.6888888888888889,0.40789473684210525,0.2897196261682243,0.2217391304347826,-0.15302491103202848,0.6512605042016807,-0.004240882103477523,0.0017035775127768314,-0.06462585034013606,TJK
0.03761447525343795,0.0362509160680805,-0.035340840067822454,-0.03663557195715342,0.002739378605651706,0.0027318949111791333,0.07789744633908414,0.026939039955205916,0.031839310221946915,-0.10503881950394049,0.26846511517284843,-0.23526599260311346,0.026565650993300355,0.04903658412796981,-0.00703229276649999,0.08746718332626366,0.0021980570651457727,-0.10058381107663178,0.09776908412570323,-0.011942995369292652,TZA
-0.01386995385806253,-0.014065035247963811,0.01139282148163669,0.01126448718999885,-0.025807407367863324,-0.02649107328781386,0.0025478217917920877,-0.003509529173553429,-0.008935548474135541,-0.041037631094110606,-0.1459358093199096,-0.18721395812752636,-0.0014572186233607625,-0.03211735487533557,0.0135345903613127,-0.06293736778836985,0.06117660331187908,-0.08482657827116952,-0.1010260264006443,0.019492872262904994,THA
0.052291694264140945,0.04969315499606609,0.1678959045391857,0.14375930584792318,-0.029873860932800648,-0.030793790343104366,0.31218371049365035,0.019210478442786973,-0.010959197515439261,-0.10380423013065762,-0.19834877164720097,0.14368249183622206,0.1871293652536789,0.01887141535615171,-0.12395133466497185,-0.19907138711549624,0.03597308488612837,-0.008293779665251062,0.0830268527381732,0.48350932688282083,TGO
0.28675145733969265,0.22284914130390016,-0.02051057523912165,-0.020940068081009525,0.1591276252019386,0.1372822299651568,-0.22250639386189258,0.008292214912280702,0.15516889825324542,-0.22787714756413274,0.02590870989865122,0.027482730446408674,0.002168726957276079,0.004833008728269494,-0.05850681981335248,-0.08021349599695006,0.08911547707867032,0.004795250418632973,0.004923869403833043,-0.018015980702547868,TTO
0.027315760371135044,0.026589449344442007,0.03730652140353415,0.03596479982894207,0.010862585656004177,0.010745857854611065,-0.06684185284505763,0.22279091162494302,-0.011039061643519074,0.020532590402672177,-0.06798630093945394,-0.07350570018454802,-0.017184159434867046,-0.014364880727411839,0.08026718523956089,0.06870790200480836,0.010557383754438777,0.024065009838128575,0.06908730950058295,-0.03321794365510809,TUN
-0.03192411268000757,-0.032976869993514485,0.01657529438568476,0.01630503365291913,0.06290826300481571,0.05918503524187082,-0.10395601060206607,0.08411255445357366,-0.22523170603216816,0.2498311824729892,0.18647851600606324,-0.2187240098031465,-0.06112102777069445,0.04743952043145649,0.0593466069866749,-0.15991631100137343,-0.13485214270518264,-0.19221763674464354,0.4291495430390386,-0.22361886415888532,TUR
-0.11093854004881296,-0.12478163214374845,0.3716852010265184,0.2709697536638603,0.02387962054301603,0.023322683706070286,0.1351077115204496,0.03087395998074675,0.0005336179295624333,0.0,0.0,0.0,0.0,0.0,0.0,0.0,0.0,0.0,0.0,0.0,TKM
0.0654576396292955,0.06143617277179613,-0.002882680348822452,-0.002891014218698862,0.0057942340305257205,0.0057608542925389914,0.08973492325302616,0.5375253298043918,0.12095301367173317,-0.11915548111853881,0.17543224034933355,-0.06488991888760139,0.021065675340768277,0.004381067961165048,0.057055859644035235,-0.0680749402741104,0.02848360555198485,0.10005271330402696,-0.14091839478226176,-0.01756918766800015,UGA
0.06620891093472268,0.06209750289619952,-0.07638472997252052,-0.08270189163313413,-0.16092322139909715,-0.19178605045824823,-0.03054796685556885,-0.13723663576940395,0.20576140944428448,-0.1820064401302951,-0.017461273195029832,0.08671773444753945,-0.05707902033074304,-0.048795295354252935,-0.14272105473736355,-0.14221264112365545,0.31890431898852245,-0.2973141540985056,-0.15851638559437528,-0.3709157655188452,UKR
0.03616355140186916,0.03490139307925083,-0.04045267955969636,-0.04215808715002611,-0.037371036261568805,-0.03882184898783431,-0.024842683501752515,-0.054125065685759324,-0.03627777777777778,0.15758344382313944,-0.0393414539406193,-0.23200937244046324,0.049004387445156936,0.024515796924264848,-0.056060796382364025,-0.03219024046202776,0.003739962600373996,0.0027808219178082193,-0.0027731103916506152,0.0,ARE
0.026900357841990217,0.02619568455358294,-0.0913873089700277,-0.1005789484036748,-0.01689313671173977,-0.017183418550488216,-0.11683061563512107,0.016582300304899357,0.024200337664917228,-0.06810037981066155,-0.007991240371131645,-0.0382431917791419,-0.00862426236549758,0.03685519071579564,-0.018435300973346024,0.050146756799454545,0.001323853109312895,0.1950955677925627,-0.06674826979316915,-0.0040326182667398324,GBR
-0.03209367635037123,-0.03315783311483847,0.002547790605650326,0.0025413158649635822,0.023608088235294117,0.023063600714600244,0.0007888060161103398,0.0013504571649299686,-0.006836464936467779,-0.02065238577161842,-0.0182423455973228,-0.0858900386967422,-0.029046254075545716,0.038459031169133004,0.1652458063353949,-0.004352589623936959,0.01029650305889715,-0.03277422444574715,0.012230360593209203,-0.022679078923297718,USA
0.07044920132976568,0.0658127459409098,-0.09729793116191802,-0.10778520900827845,-0.023048550200307077,-0.023592318947919865,0.08479954117407633,0.048776744067059494,0.023002870175381586,0.06492627054454005,-0.1885615768693978,0.0006879919648425337,-0.2566706802577277,-0.08308190721139579,0.20384879910455408,-0.14682588580582284,-0.22276200730022847,0.09943239408068112,-0.08515411327248702,-0.13503527040644944,URY
0.13613636363636364,0.11982396479295859,0.09056806002143623,0.08304668304668304,-0.10677555958862674,-0.1195394514053505,-0.19230769230769232,-0.09523809523809523,0.5263157894736842,0.1724137931034483,-0.08823529411764706,0.22580645161290322,0.07894736842105263,-0.005365853658536586,1.0875429131927414,0.29824973569834373,0.23688020267824828,0.2520848573518654,0.341201215237205,0.18779404077365394,UZB
0.007999846873602218,0.007936357231019854,-0.14340136000460077,-0.16740787728237694,0.20868148337638576,0.17265217201263433,-0.011572589109328499,0.1384427596062242,-0.29718458907273976,-0.21514895939275172,0.09975126186405055,-0.1505698963668029,0.07076930364114953,-0.3084841839846058,-0.07575404495254806,0.05448055607739996,0.0031458925239341005,-0.01989577734676232,0.14750033379747077,0.18091339760638298,VEN
0.028729761270434865,0.02792741335193307,0.12970244691851487,0.11481115870139412,0.053075824183916175,0.050400762191124666,0.02962779277465081,0.04527412372272704,0.02467276346703202,0.01946778006941999,0.023635645909404916,-0.009544468546637744,0.060203436024723805,0.032735493940506795,0.049958861382639816,0.05296930194436824,0.03876934235490746,0.04295858844712386,0.02325838581094847,0.010381842619302698,VNM
0.22703569995988768,0.18502778685845048,-0.13820689655172413,-0.16037131882202305,-0.046511627906976744,-0.04878048780487805,-0.36654056326187473,0.9581950895819509,-0.3852931209759404,0.28059536934950385,0.1631510977184675,0.05218356772760918,-0.4635947942314457,0.11409836065573771,-0.22424955856386108,0.58649468892261,-0.07699665231946437,0.47875647668393784,0.1306937631394534,0.024480942051440968,PSE
0.10797484636272689,0.09745243469848436,-0.0504231311706629,-0.05310063126624582,0.28250108932461876,0.2202735667642882,0.2702467925873129,0.12355117571761735,-0.06984003121342178,-0.036661073825503356,-0.2165984498824349,-0.265979679405945,0.35999000469476455,-0.08764887000773929,-0.04027804053435534,0.46581797139786724,0.020935640042339793,-0.06620152798905422,-0.17723264258607038,-0.1458025695055112,YEM
0.027181450883434842,0.026462170690540836,-0.023356401384083045,-0.023914968999114262,-0.02753071050381725,-0.028310107888425324,0.05288888888888889,0.02100042211903757,-0.02919158361018826,-0.08382004015331265,0.2208775337417202,0.07970955372440239,0.06689839302805904,-0.09821049152462345,-0.09204670401591707,0.16253387924571824,-0.06759840273816314,0.0749996674957107,0.03579293791601712,0.00237699924748265,ZMB
-0.0004881918594007445,-0.0004884303071005556,-0.09947468083806732,-0.11046294726131932,-0.06153728839408266,-0.06557243844966279,-0.0782608695652174,-0.009433962264150943,-0.007619047619047619,0.007677543186180422,0.0,0.0,0.0,0.06666666666666667,0.0625,0.06302521008403361,0.05928853754940711,0.055970149253731345,0.053003533568904596,0.05442953020134228,ZWE
,,0.061651103565365024,0.05807096451774113,-0.08194785565841678,-0.08926274630858672,-0.08078183256129251,0.3558259587020649,0.9881243767564137,-0.09598285531895491,0.015182084131947948,0.04928702737616138,-0.09025048534495005,0.11445375526986935,0.07776013450401643,-0.09247302508991637,0.718187461204221,-0.00853156958648288,0.057880427165961264,-0.4727359440411213,CPV
,,-0.3389146336061353,-0.5126639475547172,0.17092867478722754,0.1459770167626029,0.397930257415092,-0.04505681592142838,-0.13909079210070743,0.3100486093664344,-0.18659979365303458,-0.1459550148708343,0.04351784745262705,0.31034042285865876,0.03130937928323228,0.004439806033859266,-0.056134579619958574,1.0086232541009152,-0.00865702818674227,-0.09098488166040304,SLB
,,0.0930368636629608,0.08511777301927195,-0.03256043413912185,-0.033656297807241206,-0.11978891820580474,0.022781774580335732,-0.06799531066822978,0.035849056603773584,0.05160898603521554,0.09411085450346421,0.09023746701846966,-0.049370764762826716,-0.04378818737270876,0.10010649627263046,0.011616650532429816,0.0028708133971291866,-0.006202290076335878,0.00672107537205953,LCA
,,-0.16578222117978186,-0.19872774878310226,0.5104829159173648,0.3379600725952813,-0.18033249414011632,1.0736357137183254,-0.43683840898933796,0.16959912933067295,0.22729916253101737,-0.11706076545198944,0.06599520555297149,0.11379998993068959,0.15377892960462874,-0.8662731475435527,2.85703125,1.061297346566741,-0.6781103754928574,-0.11940013737312066,VCT
,,-0.029525853450459216,-0.03042415251909236,-0.18148011729872926,-0.22171742083993182,1.5321784380003558,0.8687293069985159,0.07879443536388096,-0.030459196786798693,-0.03982638467656053,-0.19233850513717546,-0.12775978446652575,-0.3274770283564372,-0.41414595360735645,0.06927479789933322,-0.02469274007268597,0.12932648316935397,0.1765430048727977,-0.46462951697286775,VUT
,,,,,,0.03494623655913978,0.03896103896103896,-0.0875,-0.0958904109589041,-0.11787878787878787,0.1140501545860529,-0.013259327782917052,0.0,0.0,0.0,0.0,0.0,0.0,0.0,TLS
,,,,,,,-0.07863668723303274,-0.016065162100383116,-0.16036254171847392,0.33159268929503916,-0.20108282118817677,0.4442287263269717,0.09359306041698372,0.45948139901660634,0.23601951467573537,0.04823924195476928,0.43465675632581474,0.24850173977720594,0.18342052644553397,KIR
,,,,,,,0.2315031503150315,0.2024766638127258,-0.23633711338415853,0.3924136990039569,-0.426702596766291,0.31943138763068685,0.2900725451247949,0.5610115311877626,-0.19175100780512908,0.06946821069945747,-0.023330521928954157,0.1396822574705053,-0.2779857814624145,MHL
,,,,,,,-0.05276568008769591,0.012166896034029775,-0.5228206792126325,0.3517031472607175,0.2190389498395056,0.12422872863037925,0.10207648745018527,0.1845778087927425,0.2813763556031597,-0.2410089231605124,0.3952367841409692,0.35567834237789836,0.2867290644696429,FSM
,,,,,,,0.27262313860252,0.3645364536453645,-0.22229551451187335,0.08142493638676845,0.05254901960784314,0.5380029806259314,9.539728682170542,0.4282890502896019,-0.2952914293070709,-0.19117647058823528,2.7345567476002257,0.5184535599268207,-0.34546794252656104,KNA
,,,,,,,-0.2949095498527556,-0.23448687350835323,0.12314886983632112,-0.05378209576682859,-0.15914924825815915,-0.1474051460968164,0.061892583120204604,0.0019267822736030828,0.09951923076923076,-0.19326628771316134,0.042818428184281845,-0.0498960498960499,-0.07166301969365427,TON
,,,,,,,0.6333333333333333,0.044897959183673466,0.234375,0.1930379746835443,0.16180371352785147,0.19360730593607306,1.1931905126243305,0.033577533577533576,0.48670998227997636,-0.26653045008229753,-0.4290025535866285,-0.16682477300447215,0.2498373454782043,TUV
,,,,,,,,-0.00544419698094531,0.3309280915650659,0.21873247335950646,-0.3213683080227029,0.11754068716094032,0.07402912621359223,-0.07702448210922787,0.24648031014078758,-0.464233098706826,0.0,0.0,0.0,ASM
,,,,,,,,0.0,-0.10493827160493827,0.09655172413793103,-0.050314465408805034,0.07947019867549669,-0.06134969325153374,0.08496732026143791,-0.1686746987951807,0.028985507246376812,0.0,0.0,0.0,ABW
,,,,,,,,-0.47368421052631576,0.4928571428571429,-0.22009569377990432,0.009202453987730062,0.40425531914893614,-0.1471861471861472,-0.02030456852791878,-0.08290155440414508,0.2344632768361582,0.0,0.0,0.0,GUM
,,,,,,,,-0.17055837563451776,0.3543451652386781,-0.3411658382286489,-0.09876543209876543,0.06012176560121765,-0.25340990667623836,-0.035576923076923075,-0.39082751744765704,-0.12111292962356793,0.0,0.0,0.0,VIR
,,,,,,,,,,-0.25826337880377753,0.4854111405835544,-0.011190476190476164,-0.19010353960992052,0.12799167533818925,-0.08368476541908276,0.13655975837767878,-0.015248339133185643,-0.044718581341557526,0.07277374226526773,MNE
,,,,,,,,,,-0.03685410334346505,0.24378698224852072,0.219790675547098,0.249869994799792,0.12003328479301019,-0.10884101040118871,0.05043768236765319,-0.2871031746031746,-0.1232952964096855,-0.3438095238095238,SRB
,,,,,,,,,,,0.13095238095238096,0.11578947368421053,0.11132075471698114,-0.0831918505942275,-0.08888888888888889,0.06300813008130081,0.01338432122370937,0.0,0.0,NRU
,,,,,,,,,,,,-0.11487758945386067,-0.06479690522243714,0.03433298862461225,-0.09518096380723859,-0.019889502762430938,-0.02593010146561443,-0.018518518518518517,-0.03537735849056604,PLW
,,,,,,,,,,,,,-0.02432139080529378,0.02409690325907394,0.03916677933545617,0.23570845334553645,0.06175389932905399,-0.08230720042675274,0.01790059283603668,GRL
,,,,,,,,,,,,,,,,0.0,0.0,0.0,-0.05405405405405406,SSD
