1997,1998,1999,2000,2001,2002,2003,2004,2005,2006,2007,2008,2009,2010,2011,2012,2013,2014,2015,2016,2017,2018,2019,Country Code
0.0007352906000487481,0.0007358316501443177,-0.005358710191754257,-0.005330147476150045,0.07232964515985288,0.0779691242503018,0.20751320763291184,-0.053049576154438914,-0.0873293254432841,-0.018647598678123208,-0.012203954428977183,0.039492802339928045,-0.03251637443165111,0.08448251250813026,-0.005039595892908738,0.22554274801926014,-1.592466126568474e-05,0.06282178827745691,0.10804225072483732,-0.3311875589737862,-0.008691047896795005,0.1560870561898767,0.008525992509230721,AFG
0.3176131114201319,0.46544433478363617,-0.23493362874048015,-0.1902398827539349,0.05831490469198106,0.061926120507309036,-0.9919632779927865,0.6296868011047824,-1.243644314499416,0.7263572155585166,1.5956377965910153,1.4341504378641996,0.6150507287191174,-0.03695882352200588,0.015071636684048217,-0.14496342342961166,0.052969641831451524,0.05851457213877444,-0.1591173127834864,0.01261224485422769,0.1799255219363239,0.20359948348219106,0.022122535586936373,ALB
0.0896056950711636,0.09842514895583392,0.026468614588712063,0.02718824989656601,0.08641661059805862,0.09459082947494206,0.11352324371516222,-0.051992705044002614,0.29538701018972624,-0.49075713891495676,-0.08832023279681976,-0.2774443197638715,-0.35135206561980176,-0.09054826630210554,-0.01583216200383593,-0.07338257224855302,0.08685157745358169,-0.1003387737248814,0.08523791039796981,0.0014706822142031555,-0.02084259552394054,-0.055367197635383614,-0.032346697926402386,DZA
0.013526499478854237,0.01334597515290351,-0.00949334243611733,-0.009584329760554776,0.07556279168185093,0.07025418903130116,-0.014675506283180838,-0.01594018044809398,-0.044627359894847354,-0.007730824153331932,0.020418653500605153,0.015069978645661826,0.00694688759413867,-0.011710835878575465,0.16224782494977344,-0.029992748027655194,-0.0009426518408798645,-0.43536391410776015,0.03149356573771576,-0.04545477448473095,0.3852049285156836,-0.011016239384919756,0.028770452049665326,AND
-0.09690711451978137,-0.08834577990881813,-0.03245388566568764,-0.031433738703751005,0.09341555278045012,0.10304120379182662,0.17155745099647332,-0.03250026399503676,-0.004999444683705388,0.09929193605322328,0.09554800173359311,-0.039704877715534846,0.031793486423164916,-0.004320035522015834,-0.059701967992014875,0.11659746614974294,-0.08707754897744154,0.062382472795155505,0.08019898450001314,-0.10140339897633646,-0.0427380215302884,0.16198249913568305,-0.021522250561289504,AGO
0.018938781641202187,0.018586770846721213,-0.014915873756944158,-0.015141725827854698,-0.03561265678652167,-0.0369277521497278,-0.027441186973813658,-0.1741299809337301,-0.006381295203801946,-0.06661212466904463,-0.03070124793708493,0.20932828342233417,0.019013784336150186,-0.0154877034522086,-0.01385472187790232,-0.04931963961175107,0.003588622631734778,-0.1213163868112039,-0.29812074527747146,-0.08719299868316305,-0.26419253490586925,0.6486232620377258,0.1717910047436592,ATG
0.05096836820846099,0.048496576824043035,-0.2746936952323397,-0.3787278470167623,-2.2862866703518754,-1.7774316744854715,0.22861125026821896,-0.0068189092312495704,0.2317202509863964,-0.16825313403135705,-0.043057344805135477,-0.1037163753734573,-0.14577913427491165,0.09782664777673278,0.05267622512259802,-0.28663038266299,-0.03018002680105381,-0.12221954096113806,0.15156066006551502,0.4847446666649844,0.37999038808173224,0.018806740478658455,-0.7247432762493865,ARG
0.38522728277418133,0.6266174018140096,-0.3979205728785514,-0.28465177535742725,0.669387079284028,2.024685175142005,4.3126573238858805,-0.3846071345835395,-0.3534095670972535,2.409404061253021,-0.04498081205653584,0.24305639357772515,-0.1231600416375995,0.04464518681315704,-0.11721381158146997,0.2786545864358377,-0.27689594861122635,-0.15511248698571312,0.13298566940534007,0.03411275691471169,0.12169613477962515,0.18146619586546806,-0.24705357994261684,ARM
0.04530391628528003,0.04334042528633928,0.048855456744565096,0.046579780302809966,-0.05183389942519432,-0.05466753071405011,0.09561579781931284,0.07075966033870329,-0.07026226078309385,0.014531660089101728,0.03645045301351122,0.049209343501109434,0.03061578702080914,-0.06679674107025106,0.09431970395927951,-0.03881451128236225,0.008060597782887905,0.03489428431178743,-0.0402552331159174,0.06053724414150291,0.017537478267928935,-0.013830965572049913,-0.015759084273118923,AUS
-0.07686777451420135,-0.08326843370000397,0.04662967894342771,0.044552223084768965,0.016688843738311455,0.01641489806944995,-0.010166851636987268,-0.028995035410841606,0.05371725419776766,0.02394402765990952,0.02766496304426492,-0.049518026592411654,-0.095718600748034,0.00015696133863231252,-0.04830690762416416,0.10238067341031691,-0.021985462432808484,-0.00197829311340677,-0.056773742547370894,0.026488206797570916,-0.0021111663413022662,0.0658510708608281,-0.04760487425663273,AUT
0.09222111511323586,0.10158984379190467,0.02243370660920401,0.022948527134042475,0.1206729851940767,0.13723334227450124,0.19990667311288887,-0.0434409815717516,0.021177011562803147,0.09429861571613012,0.12271970106420968,0.22680318044156528,0.13203924253566288,-0.20878764516364642,0.0011005002737822331,-0.2248174095341431,0.10377404460318328,0.3212509150471343,0.0809055731799196,-0.1071905426875782,0.1289229097789257,-0.22383902214247445,0.2461690847945154,AZE
0.04840400709458774,0.046169231295413025,0.062448711945558996,0.058778095585623844,0.06219230904525568,0.05855089376532656,-0.11614944215433173,-0.04435353716677722,-0.02385334531527122,-0.05041463355139355,-0.02136187799573396,0.02339239275732191,-0.237410740324522,-0.313893257801322,-0.04132143176168385,-0.2518843797606629,-0.5188577197480961,-0.0951743819276482,-0.033730177189987255,0.5501282098344555,-0.5290662306237099,0.48756424788244745,-1.2676812261606505,BHS
0.010120721767629048,0.010019319027451104,-0.01062899037393875,-0.010743179525702803,0.07484853867150856,0.06963635896460339,-0.2791112739995712,0.08760449806155726,-0.06956800382278856,0.032206419320890876,0.11997444335194246,-0.07093057805496884,-0.02361810826174607,0.028300760288190167,0.009944001780647237,-0.04375900749615085,-0.11902923301093932,0.1664368553380629,0.15694851364152007,-0.257943562195814,-0.3184984326065192,0.005806049900618838,0.16352171841967794,BHR
0.06412299269813938,0.06851647406426448,-0.01550700467965592,-0.015270209469946273,-0.08549942175020928,-0.07876505508621442,0.0632843976173725,-0.22921152935683517,0.048628817333317885,0.06600429475208157,0.05548659724004717,0.031051934290310567,0.05653339008160279,0.020170165237672934,0.0419838911431509,-0.17237001843940794,0.03849527803616746,-0.024921500285751432,0.04108436406524403,0.11387270436188629,-0.013263165478841411,-0.03173776142259391,-0.11536958851043166,BGD
0.020046119420124305,0.019652169679857338,-0.01183700111898556,-0.011978794118368623,-0.0701741718337516,-0.07547023292754239,0.02640518646640873,-0.05714199118454439,0.061621799352132564,-0.13395397686818108,0.07972748886180625,-0.18494567349325355,-0.3344379498311746,-0.13460317720202514,0.2757594055850755,-0.299449517758401,0.007819042927447289,-0.2591623557871026,0.6712892218218073,-0.1498930441121247,0.024179066067800646,0.103969055195429,-0.24198478531288883,BRB
-0.30848439255317883,-0.2357570287493068,0.019110392044134394,0.019482714353514057,0.05108978292506876,0.053840481434119236,0.1485664531376328,0.06298397086198422,-0.19351842278448192,-0.11559616249314181,0.12129772916501039,0.13190007848231067,0.09422607082608896,-0.008927767059224533,-0.040955939168150525,0.09156443958268948,0.0012901633458983436,0.05592126202431642,0.014801381041809955,0.05266294855425795,0.2178920754638402,0.11450945979722017,0.1658140935505834,BLR
-0.06560937283813956,-0.07021621464400082,0.07070893789186111,0.06603936456445489,0.03921321103843266,0.037733557100615295,0.012118449060311905,0.03197255929608625,-0.06140361225476897,0.045030919283074955,0.0673449015121218,-0.01011052844343204,-0.06612927323823416,-0.021013224115154477,-0.03376678962195138,-0.01050958055908817,0.05117615458496809,-0.1035182050618916,0.11228012593229211,0.04109852852901815,-0.07192895566740552,0.01969459513763293,0.01753214765656108,BEL
-0.01626752738758109,-0.016536535938862246,-0.4249286277004026,-0.7389145907249677,-0.12513719336080406,-0.14303636228578664,6.56515457960127,-2.3576281471862575,1.055153616048962,-40.093874682626044,-0.19365077248074664,-0.07552290873548054,0.009614609364148962,0.06416749880794215,-0.25198683879966327,0.07892732685156983,-0.02359673878958918,-0.025046927766642937,0.06665420730894385,-0.10553137463566796,-0.049039209586083356,-0.20967427748229703,0.16291594706035348,BLZ
0.12128066116789926,0.13801979290576724,-0.15286075733263074,-0.1325925584337729,-0.6564553172821346,-0.3963012527009953,-0.18513121702094715,-0.014203163608771037,-0.3488803503271887,0.34613205422077614,-0.03886738113519617,-0.11955140868613799,0.3031596393361594,0.03745340292138205,-0.03809498683428274,-0.09340052705678499,-0.0585855496355555,-0.4619180441948451,0.039058475837230634,0.062402658193922114,0.10543680705838152,0.28656564773166915,-0.11592491257272738,BEN
0.012112860831398562,0.011967895380213301,-0.00805796079336337,-0.008123418985052843,-0.016139424812693856,-0.016404178823428567,-0.014675506283180838,0.0007510609513253345,-0.06056174756088377,-0.007730824153331932,0.020418653500605153,0.015069978645661826,0.00694688759413867,-0.011710835878575465,-0.014111599405615583,-0.032231991038246935,-0.0004270128156562209,0.0,0.0,0.0,0.0,0.0,0.0,BMU
0.03445226829872793,0.03568157965430032,0.054263161681967105,0.05737659725560949,-0.11117423245421622,-0.1000511253835227,1.08002272931184,-25.505434051395515,0.6576324911147956,-1.020597152790547,-0.22095385738699827,-0.08245742899053772,-0.4286162281974756,-0.09231897324764625,0.012836574188489332,0.05845292113009386,0.007398990712159852,0.07494899723134427,0.28513703311401895,0.06769791134616762,0.5001537276127117,-0.022588742023632508,0.03917859028491673,BTN
18.18038560618258,0.947863404806749,-0.4046586316824877,-0.6797085726229459,-1.337452680942426,-3.963378442296664,-0.4250450763472724,-1.4005243317137839,-2.41474740492277,-0.2822808106296596,-0.10566968866291983,0.11298430066927856,-0.009573831595860222,0.08705884547184013,0.058591475605882154,-0.08979498237708015,0.05673994387675385,-0.12023151433017239,-0.017892282502441972,-0.043204675967470275,0.027510164541559964,-0.010382755547959073,-0.09405547445577034,BOL
0.019993164035801224,0.020401045484678238,0.2145615345931831,0.2731742129309281,-0.05738008714451157,-0.05426628309170114,0.13424684713374654,0.5677008256886829,-1.7670721049497726,0.19422547537233528,0.40320942475354604,0.4544467720777828,0.3954621043844318,0.03674411734132827,0.6188969186695049,-0.5309897525469598,-0.28458231771421444,-0.36197860622171574,-1.1772186972129555,0.14826776382198498,0.10109044343819713,-0.40899444797875595,0.08085926321794,BIH
0.018802439232037248,0.018455432091633157,-0.034190832345971665,-0.03540122986098998,0.12089647101952596,0.10785694677900359,0.017204964030011115,-0.169489855173148,0.012223661345949724,-0.21162239695693702,-0.11896690413814129,0.06669631033341145,-0.019672688969250854,-0.060663285949287486,0.08363078539412556,0.23709589792260682,-0.048802529244181214,0.006784847975902867,-0.249858647266303,0.20417673589006147,-0.12101594096661529,-0.022782068834870266,-0.18471810710013667,BWA
0.11405187629679797,0.10237573197750538,-0.00407812761798585,-0.0040948268444308406,-0.08992658366017804,-0.0988124496832895,0.04375716779362416,-0.8919958206766694,0.17250195872034269,-1.8279157431896493,0.21657655992483418,3.1205767741072936,0.8443015394428934,0.5327104401139747,0.08456728129552898,-0.43205446360474226,-0.21808291419023454,-2.06501733096352,-1.463707826229294,-0.0760954928309785,0.4480885413777551,-1.8313377579754548,0.4511871950058201,BRA
-0.1519009066204654,-0.17910749794008798,0.026250342499755972,0.025578887930809355,0.053452868183550495,0.05074063567335308,-0.054628434108640586,0.16639986380963545,-0.2433707693723831,0.02631117182500312,0.05318633499845215,-0.20525679064146232,0.3869434902450512,0.021324332976410048,0.03967308234459112,-0.002206539743705321,-0.04008946393702083,-0.10894520141537088,-0.1347456292009734,-0.3038403917469414,0.20570717027071583,-0.04003991817891468,-0.07623740493092483,BRN
0.6118111179729194,1.576065534845067,1.8881404917599538,0.6537564558050196,0.925717099468759,0.48071292492761963,0.15420281309711828,0.022527579904717387,-0.028868637059239304,-0.07283914105256867,0.053277998483161206,0.10911245713184127,-0.03991667861752485,-0.029733096268802713,-0.16276644157098158,0.035717694054124144,-0.043243369919251956,0.054588093480551235,-0.008007650632831058,0.16806484794013707,-0.04968385815597662,-0.05761824864173851,-0.09845636019110043,BGR
-0.11926249897974775,-0.10655453844693293,0.34067365163847685,0.5166995866084787,0.008632459489355248,0.008707627733008833,-1.6429428427722168,-0.09253118188693402,-0.21274040678747236,0.14316186459781716,0.22981566924885324,0.26700410174442213,0.42303845808850904,-0.39742942535103065,-0.1479146552771401,0.3379547163505723,-0.47231077155282286,-0.7653602042979601,-0.20206592416312988,-0.0700676751335084,-0.11614893343422668,0.16222064150011778,-0.01319904819162324,BFA
0.029668923796730515,0.030576083281615103,0.12046197566940223,0.13696050919581776,-0.03884692106731535,-0.037394268856670486,0.07181401034261092,-0.020474849327968003,-0.14056279614415998,0.11871176052018506,-0.035173017084678224,0.001069164758208889,0.07071679347939719,0.03505375878853426,0.09213301575800179,0.06615549345747684,0.07137085603838453,0.19467838212337332,-0.004891552482352523,-0.16156232212559177,-0.01306886844843458,-0.1696682029093921,0.028996286101297935,BDI
-0.02920689885089339,-0.02837806361724055,0.11303546139853762,0.12744078988407853,-0.33507481629282626,-0.2509783063867885,-0.45863625491135324,-0.12428223422827743,-0.03458707859841167,-0.15767706762604788,0.21326306235420303,0.07363217960074298,-0.08851621377172736,0.021865654043585266,-0.22779759842354894,0.41504411708263894,0.008880567526789108,-0.2506093266655889,-0.24077376366731695,0.11394910915984453,-0.08107426071599588,0.00739673971612395,-0.1394515859513795,KHM
0.22438711131742453,0.2893029687768073,0.02309147543988476,0.02363729546764091,-0.2404796814347772,-0.19386023409640274,0.039880518301757026,0.17574881771896034,-0.3441932385367172,0.08744909961925883,0.0006426677643414806,0.024349912525878863,0.07926954957015646,0.02283995382769629,-0.0843359926986152,-0.1508580339733815,-0.00945994343394677,0.05640151492928564,-0.03674428111040203,0.13869915404952085,-0.0416433619640414,0.0297620856211741,-0.03595247824199269,CMR
0.037017962213035036,0.03569654872133282,-0.023502043819182982,-0.024067683573145274,0.019137843545412984,0.018778464234862898,-0.015463598141181735,0.04461749097092726,-0.03672471982639393,-0.005157214963517719,0.029868813548449225,0.028296180853376412,0.02946200656878509,-0.0021230085761781005,-0.0028498697126601706,0.013945313932185866,0.014398559210925517,0.060781783977958984,-0.06902952918718587,0.012318495908098238,0.08494668798380513,-0.09525016074511533,0.005426417902140703,CAN
0.01560092337362536,0.01536127332555232,0.10262594644017589,0.09307412615447985,0.07556279168185093,0.07025418903130116,-0.014675506283180838,0.017442993299182027,-0.07597395233105451,-0.007730824153331932,0.020418653500605153,-0.16781301671038662,0.016106284381544406,-0.004982939548059022,-0.015871701303519014,-0.028235265241432866,0.009322888570959479,-0.23810207731364005,-0.04379090173167815,-0.03411096943375859,-0.043256956735168856,0.29619049869492536,0.006507220959771555,CYM
0.030754393797308814,0.03173023803305988,-0.015793344384550934,-0.01554779273939787,-0.12543731618816353,-0.11145651062381468,-0.02319653279313369,-0.0908021045694359,-0.11289698808579303,0.0600156750682148,-0.026111004892491126,0.06753357001923581,-0.04128211782595814,0.07684400122307004,-0.027824187843025882,0.09579232785250849,-0.0880365154409156,-0.18860838100242427,-0.033381009554142374,0.008773970600184337,-0.0374572534149978,0.0767127913180306,-0.004122366103559598,CAF
0.13567840341566917,0.15697675952081938,0.08010218835858132,0.0870772680887794,-0.09514797827993131,-0.08688138969984062,-0.014076288556537607,0.05848134229478157,-0.4475976499844287,0.1080769153001599,-0.027756720191223064,-0.03677499501502558,0.09574354920103799,-0.0053953584671271706,0.04021667807093968,-0.0458351254060812,0.07511306984872414,-0.1685555578409651,-0.0446766617312586,0.025380115316857244,-0.025603759929899654,0.08219643292418419,-0.007643429081762282,TCD
-0.04874510617335179,-0.051242949171344504,0.006365110646989703,0.006324852262512946,0.013310937456784473,0.013136083866016847,0.007953744767273042,-0.038681162936371825,-0.03224796872872396,0.08566962243426872,0.021710572742225227,0.008580453037294598,-0.03697384813533969,-0.01643262950105877,0.014326193409172405,0.0544290558785874,-0.030588056358461266,0.0019926930119635164,-0.0998306367482791,0.02068936807926057,-0.02763090431327305,0.0016964703679430478,-0.0846581774949714,CHL
-0.06497515307364224,-0.06101095681539252,-0.06303477912528963,-0.05929700548194418,-0.2562448126909875,-0.20397681256258357,0.350375312760634,0.07400713683207677,0.5140252188631266,-0.34092969433245895,0.14718549729277236,0.09772926252910122,-0.44602931058430606,-0.04547793966535558,0.05377054924768508,-0.08757470257839907,-0.195834558316682,0.01731992871737119,-0.02277833413311871,0.08624935089882585,0.44184663340325814,-0.2548945755076466,-0.3204955183530513,CHN
0.5108396523954926,1.044319423880435,21.936529800166163,0.9564014256423062,-0.3625207317857498,-0.568678465107214,-4.116287394165784,0.47055217724078563,1.1715519907892702,11.739760846428352,1.3722943680396595,0.08535714833180516,-0.4339742990252869,0.7093846078108069,0.4172519645929439,0.11535200360318414,0.005531393647645159,0.23167869178136416,-0.062082329607810474,-0.13625739965347972,-0.15192359977741807,-0.0690625122824143,0.24960962705678336,COL
-0.031601684150229965,-0.03063361046784379,-0.014262291810780519,-0.014061739183183061,0.057216303170420243,0.06068868539287312,-0.24655956184390687,-0.07671978594118664,-0.024098614299073343,0.010808143662310452,0.026648602851630038,-0.03100824918611703,-0.03608784336602227,0.08079272131363475,0.04376326729015018,-0.02185538656825164,0.1361562084850157,0.08109934407512256,0.06806054656369112,-0.019922161594861407,0.011498195427399747,-0.07073045664142627,-0.007549038141276661,COM
-0.15411134209871505,-0.1335324734080409,0.05877818671829293,0.06244881481587682,0.13772697275291168,0.1597254795185023,-0.004635876098893081,-0.08938750010164066,-0.04728292814913198,0.21924284412747477,0.046042912630517165,-0.03350342210962705,-0.17976322193468544,-0.03736369813694903,0.04058802835992331,0.021349689381404496,0.17167457188285593,-0.10456415390289676,0.012577891707867833,0.015988227337252418,-0.10693833281217657,-0.0057745765788140575,-0.02418005122029828,COD
0.02762975557259128,0.0284148509592265,-0.01978741880100132,-0.019403474132153993,0.07776489286164594,0.0843221996860931,-0.047842631865357886,0.08925598452123852,-0.3529959713361704,0.0773921689602105,0.007299077473127208,-0.05298512173728127,-0.015928935475702816,0.010991656093784743,0.006955948277892385,-0.07468593610410537,0.019078404340936474,0.08902628160707485,0.015606373940475735,0.02518191678953332,-0.14085368573850315,4.9631112992673e-05,0.02279309190859912,COG
0.18228177231205933,0.1541779435164521,-0.12092696806409094,-0.137561913141373,-0.15475846603382895,-0.18309377830458448,0.5232801210000059,-0.1412710448659031,0.1316835627256495,-0.3463386060824068,0.09698473622668612,0.09269045226250756,-0.07703795631645456,0.10219797146784203,-0.033112702386877926,0.2713925986080641,0.020196025858105097,-0.11733449546046941,0.02118529176633834,-0.22506441095501678,0.09941887477643603,0.09141865556637803,0.018705010366331376,CRI
0.22172641672750812,0.2848952110068942,-0.6548011084318454,-0.3956977700192383,0.08996160496740496,0.09885473564462385,-0.8663974780525595,-0.22196343470042265,0.0646285477121437,-0.026193634951058163,0.08040040653411837,-0.06788248962639902,-0.07470858295277813,0.046022056789717644,0.061049391774866055,0.12032756753412224,0.0372626770525279,0.19263582887359224,0.15201798798143684,0.27622755880678607,0.008287963570450916,0.44610939285880097,-0.21168372295374438,CIV
0.2650473395184781,0.3606318525941876,0.3161466377311079,0.4623017962245517,5.9102155475122915,1.2036570472973713,0.5884480296759312,0.052239409953517925,-0.047904130132468616,-0.17688618940875836,0.17004803459329243,0.037944579373435226,0.09823485923028331,0.025814775963959376,-0.06447727899144418,-0.1470677789387208,0.010456209671453798,-0.14685625167089708,-0.07858547312723957,-0.02127395971402861,0.1903784204651253,0.2694404229131397,0.09775393576215058,HRV
-0.10089727064649663,-0.0916500325114306,0.03401265098013704,0.03521024474559432,-0.021574874977072996,-0.021119230225349245,-0.10797126367923861,-0.12127963755914171,0.1769758879887076,-0.08792249799693642,-0.08844318178639086,0.038003062503734975,-0.07137527795385887,-0.042034792703295715,0.026835325799833616,0.040559425081784686,-0.015015161263036954,0.16347093538587404,0.07660227674083749,-0.09411384904580938,0.00720174676533913,-0.09841978779018566,-0.018400978718623933,CUB
-0.021390812913491423,-0.021858381461935413,-0.02927288410881653,-0.030155626261601166,0.043846768010017134,0.04200498517000377,-0.01828072427658859,0.011877734435795257,-0.0056648901323813235,0.04520573955915524,0.04248396720618285,0.027454603496516627,-0.003854150522415733,0.044548526204238215,-0.1313139971306241,-0.085453321967056,-0.18891312057208007,0.1981390354530341,-0.03324633392121633,-0.009129974348716168,-0.021491963907408766,-0.15222674108716186,0.1593364246131224,CYP
-0.05442309899154617,-0.057555444653422015,-0.10415946465845893,-0.11627009556868055,0.2939960277320848,0.22720010064277812,-0.0007619742377759339,-0.10892456369753477,0.03899410126887719,-0.002052378869139097,-0.07705033076979978,0.12884404508964958,0.13559790137138097,-0.009267638513304928,-0.07569574568778119,-0.11826118231210733,0.024923283195951326,-0.07326211484993804,0.09234652238009204,-0.1023398837702414,0.24960741118470064,0.0353176257936386,-0.024306760898235007,CZE
-0.001559779393416005,-0.00156221610590606,-0.0005796809589009611,-0.0005800171838181308,-0.0040503682895360535,-0.004066840491300493,0.0022762152258301483,-0.0034974898967068554,-0.06162668012815699,0.09253007084937467,0.06749442587789996,-0.02679695648741068,0.004394851288138626,-0.0028680139654265863,0.015351261702639037,-0.05166077226618958,0.0017688986004890353,-0.0678989154516373,0.028154646355378364,-0.09176085886217604,0.02916450849557719,0.009672162895949911,-0.043996588957115224,DNK
-0.008914005129616586,-0.0088352476864182,0.15407898836268305,0.1821434699493471,0.12488155856816395,0.14270246478160975,-0.35140566759466113,0.08800945208179199,-0.20089199907066219,0.04449132574738768,0.07038395433982914,0.05421380131508227,0.06812250978930048,-0.020562507340901662,0.14381170911964125,0.19796369271417566,-0.21412887635100436,-0.01647564895064572,-0.3168877224480138,-0.0012240325737408286,0.08409014482724919,-0.08859427839179079,-0.10565648568302313,DJI
-0.27082480251687496,-0.3714125267174114,0.04174290325062168,0.040070254494048926,0.22678773759666607,0.18486306200040256,0.1552384204852835,-0.26270918990791337,0.24405383877895145,0.1283749264617868,-0.16084950609375986,-0.19650230900806992,-0.02063129423854876,-0.17250818772255197,-0.37910897554781864,0.08744638048302811,-0.048755316181256676,-0.12024071745764298,-0.14994497314813893,-0.14401962078465083,-0.35050490995609196,-0.34349484873351005,0.2004535548094481,DMA
0.14672685254244253,0.17195765855240494,0.08152313929472942,0.08875905619672382,-0.2711921660438387,-0.2133368764282381,-0.5614195598101731,-0.2992571223685135,0.1007919130928541,0.3856225166767581,-0.00478168569965095,0.18829618940415083,0.001589022056497329,0.20899444515434001,-0.2833728543876251,0.46644753067784456,0.3184213958555503,0.4819955199855919,-0.026152241465481642,-0.7270633702154696,-0.20879454364319086,0.16995529227390646,0.18134297122990117,DOM
0.24703498652642591,0.3280829548597557,-1.24397469657887,-0.5543621763986087,-0.11556138571308283,-0.10359034221968372,0.010713727912044372,-0.08123568965126914,-0.09932670014390656,-0.41174268594757474,-0.02671486573758428,0.0023583438679118393,-0.1382348059821546,0.09673377786109774,0.11901658666575572,0.013727940527769465,0.08760735388223666,-0.08514549139727905,-0.14907269514108148,0.12002654296080152,0.01584754932476112,0.13306159546808677,0.052161904471459304,ECU
-2.8790440107951007,-0.7422045232750462,-0.021356398395144586,-0.020909839531726492,-0.21145619409754296,-0.17454712364161415,-0.2383722591376572,0.14995387279591701,0.16586620679970332,-0.02734751160327505,0.33732412888975194,0.3681312896218468,-0.08077759604295584,0.11434747195655472,-0.9694049576933121,-0.3815604606235699,-0.347143891722315,-0.1913446632057652,-0.09577262283389261,-0.10483217481435624,0.06621867639987737,-0.0013539703219264368,0.04107679983596394,EGY
1.1828917113366166,6.467716348060604,-0.2296718529145995,-0.2981480733679299,-0.4420948491801208,-0.7924193718778768,-9.689962073018526,1.4511232903836193,-3.7386856079573203,1.205320664171659,4.293983943624035,0.07605264100584644,0.5440634543849239,0.13434160309517684,0.2985528357103822,-0.3096079845569674,-0.037906308561757744,0.01836511659397886,-0.3843205707130118,-0.5213401418584217,-2.622813038393473,1.2331957363515051,-0.39152747314549247,SLV
-0.05669713347662481,-0.053655046162646616,-0.023763485936017126,-0.02321189050251244,0.06380749831665697,0.06815638685625701,0.06939951379184923,-0.0678428543512724,0.019080424660700767,0.025129589458631276,0.05419929813858535,-0.0029976876502266505,0.03012541131985603,-0.07939888826074339,0.03423763437744475,-0.08359955204747742,0.012749977502889835,0.04515881591153075,0.010338484584797348,-0.024124339813879094,-0.010719158058858005,-0.10692355885232889,0.015334840913977193,GNQ
0.25010660745209073,0.3335228846360477,-0.30837908237090705,-0.2356955155627336,-0.08288269454046862,-0.07653894088282645,-0.4404250686926624,-0.0809119574706502,-0.022314037133807745,-0.22079618808872062,-0.01807972522797065,-0.03181918875726423,-0.031488471972625734,0.0001582229115691377,0.014928353797839503,-0.013234526157263312,0.0057613154020952125,0.04401950972341762,0.009147735362237173,-0.03704351809566886,-0.004084921367664553,-0.008295548321398026,-0.027528364192665616,ERI
-0.003113684567060035,-0.0031234098802006187,0.023870637383468833,0.023314114607750763,0.037687076094457546,0.03631834390411836,-0.06266331325318565,-0.0005647625077606285,-0.0050834283464942735,1.854592240851567e-05,0.05087515812037476,0.04375905825741735,-0.017100200992351294,-0.003381632816890102,0.00037613289357672265,0.01876147115469643,0.02149199131174822,0.15821026263832075,-0.004484783705663791,0.01743698020237986,-0.03300901809153759,-0.054573810904165916,0.024896407216099727,EST
-0.24315021476062543,-0.19559198226695812,-0.020920485424178445,-0.020491787286926924,0.3080929898879149,0.44528091981320655,-1.290641933814799,-0.7210810537523282,0.1995400944606809,-0.00465007990845044,-0.2762473418399694,0.12564039945938174,0.04570688089128991,-0.11002518486606434,-0.05784368357375956,0.13489436000885185,0.35979989724354916,-0.31681796178520977,-0.10048053896857898,-0.12773630996213217,0.026054210151228573,-0.09651448976093936,0.00514377364861159,SWZ
0.06304794586570542,0.06729047189502024,-0.003103444320220385,-0.00309384275150557,-0.028841760568135703,-0.028033232780334483,0.0407481508075422,0.15461344844336963,-0.15928151867656992,0.11055439479075811,0.0637315923651511,0.08905592819555083,-0.08169810892995932,0.06459934406128694,-0.1488121590859865,-0.04816699601629804,-0.0672699998854915,0.04766051649959057,0.031873564750747714,-0.06799580293174139,0.08647950219419923,0.03459185823678618,0.08473358749538341,ETH
-3.3559772565273636,-1.4244523147366748,-0.9894220075625175,-0.4973414407809729,0.5735638940780001,1.3450171927583252,-4.477463238444249,-1.394626881287147,0.3834408514318967,-0.08389717604088065,-0.04892271162383709,-0.5316880567080933,-0.4118329606610853,0.302733801860561,0.2584814472950534,-0.1688064514891105,0.05396979441699384,0.3010825832797821,0.053571120546586165,-0.041349568256459815,0.4060314230980562,0.021638094761872048,0.007848479040604534,FJI
0.09056196351671439,0.08304155705621788,0.005677387247958811,0.0056453364865794685,0.0047249467781086,0.0047027266449989865,-0.004261282220087826,-0.036546711038091255,-0.07163696403913297,-0.036475496850458484,-0.033689601230478865,0.04057860166097332,0.1252042432941154,0.034832436416762216,-0.02979889531040086,0.005221052585303132,0.012171115031359897,0.017565094060911113,-0.025293585310251596,-0.010331733992020123,0.0014069487974081331,-0.018399804391842845,0.03612526994455028,FIN
-0.08497777409094028,-0.0928696283923774,0.0514598738447709,0.04894135774920489,0.02953702406612475,0.02868961812511529,0.22742721597413168,-0.017604330415302676,0.01672090235130045,-0.005100943983469062,0.037812642861692454,-0.002366429945982222,-0.05230565560206365,0.07841108731772176,-0.11510910322535914,-0.026637929104445426,0.02362924293533409,-0.0676724089503919,0.04719008218497455,-0.05255493965622555,0.08093538118866923,-8.729850036726455e-05,0.24501296193366626,FRA
0.14622598745963664,0.12757169097493165,-0.8243096742552123,-4.6918330349767,-0.2138430251625023,-0.17617024667079542,0.2932985097330156,-2.970716591259246,0.6754266145690225,-1.7608067118250745,-0.26457719467665647,-0.22722467013249714,0.08108475770302215,0.059371759506848955,0.006926120649425126,-0.08750583959977637,-0.08241598007815565,-0.23851988601532345,-0.0052780876510102786,-0.0009388305012029956,0.014073760662851306,-0.1633727427947905,-0.04580328080218255,GAB
0.27823136874333315,0.3854855374622006,0.1337654102198721,0.15442169107311365,-0.4502491711060271,-0.3104633190465099,0.10737582095446456,0.046175933863314575,-0.249009884988204,0.26832272934901485,0.07484084034615292,-0.07788363466229997,0.14987242319534091,-0.16348626529927507,0.2864387827747241,0.19832488324682945,-0.5844314794934057,-0.2642202261291935,-0.1132632583342635,-0.0012410225884589838,0.12005818685015689,-0.40196074712596264,-0.058241328178254115,GMB
0.2652663869787395,0.3610375002280775,0.0913800640661692,0.10057017290981382,-0.5024018753563247,-0.3343991268895149,0.19906751619979474,0.27132226005692106,-0.32189508254029736,0.7662010912411996,3.0858436581231077,0.6487121256764503,0.03468492442004121,0.1857755898350116,0.11855462734491828,0.04431584406668908,0.09071172515479346,0.23444001061581224,-0.012340974631102558,0.09344698886097924,0.04407823837741317,0.06904714652922132,-0.003347734483530579,GEO
-0.06604492522362704,-0.0707153127675237,0.0890538538413978,0.08177176319360126,0.014388650684411624,0.014184554090489285,-0.015356805743337585,-0.03574991935299921,0.024842390687263065,0.03477329007198137,0.029364078888836544,-0.07825806463596073,0.02037925292641104,0.03551028925508307,-0.011587657885653016,-0.012022574887849018,0.011009470540292134,0.09658387012859905,0.011764236134965354,0.05451755521224232,-0.018646506139736826,-0.010896538960875122,-0.023050907039442473,DEU
0.1809151284515314,0.2208747038747205,0.3464406408874528,0.5300829007450466,-2.8268379477727668,-0.7386876544950108,0.4153514110997563,-0.3963360366281893,0.6573917742531238,0.49115707230874617,0.24729986397457515,0.2318127875746913,3.17897487044947,0.4421820660421008,0.07698922097433845,0.026055843445518423,-0.33968194256047485,-1.068512418282113,-4.39185715517985,-6.439381965130752,0.40815028362257577,0.33350289366822955,-0.21078271033132295,GHA
0.07378562674455655,0.06871541665933423,0.1305895449843674,0.11550570723362992,0.13457332583132475,0.11861139581500385,0.0337573313121652,-0.17118292431833562,0.13653929552695884,-0.10643004489481153,0.04217117344309017,-0.015422468748449084,-0.05021869455301279,-0.2294887990008976,-0.2298965523606627,0.06140154397691474,0.20206227826049022,-0.4800616971613465,0.2437787983451625,-0.6377476362411291,0.6052609765417302,0.7383010977763611,0.27970684640107746,GRC
-0.09617700890352203,-0.10641133258498366,0.021777990299821987,0.021313818174368546,-0.02712292715571571,-0.027879089674114503,0.022634544082949525,-0.5257990943343429,0.6562177880750862,0.46441537826869556,-0.15268608248940094,-0.3151903865896717,0.008676027983155213,0.21431723894430227,-0.21644226404122235,0.01273462809228808,-0.01782490280578221,-0.32532846147592354,-0.5300326555310958,-0.06734020188296823,-1.6405736387979768,-4.380275043567764,-0.08150205981580778,GRD
0.6174390981264015,1.6139628882682033,-1.417854722927367,-3.3931762527279687,-0.09051377539789854,-0.08300103807938836,-1.1936631102489492,0.4200647333362232,-1.2260388413472534,0.4432886786438298,0.08030445655132866,0.22087764492316408,0.15497149860439124,-0.015156827744485648,0.12745244263024316,-0.2918485342385854,-0.182370771278031,0.057487207804159675,-0.12622822421223887,0.06396204272366857,-0.26188364953082877,0.25551684315606094,-0.18308500876826278,GTM
0.1943965813214855,0.24130555657319241,-0.08819973757680859,-0.0810510557310102,-0.3124710462477179,-0.23807843010408125,0.03908812936450383,-0.0034387034494836044,-0.1407391522967256,-0.13760286994053988,-0.0004607327115341638,0.013687060837529099,0.05967636291042399,0.04304659872390198,0.07479100450764703,-0.011033163897228698,0.018608047120393063,-0.05490833631256121,0.17576436865392736,0.0034656374154236514,0.03432315627406915,0.07341252886408817,0.008449077681745198,GIN
-0.24865413341583925,-0.19913771697180613,0.030848447389953022,0.031830364721466185,0.08574016953997254,0.09378096541420892,0.16570333347098923,-0.31973863115256446,-0.045338990184689586,0.1611423381829245,-0.162851173639163,-0.09898725097482035,0.012356055376895795,0.03811333096146153,0.01283591032609871,-0.09134365073784947,-0.028530373818437888,0.05570153390917679,-0.01019253213766921,-0.027194543470292404,0.04366387852021353,-0.01770166837864865,-0.02539768055358099,GNB
0.5297087776535746,1.1263420461277105,-7.70041462422258,-1.149244495465238,-0.7424132549410037,-0.426083337483645,0.15375600263577252,-0.19383617453295152,-0.3168528793698617,-0.23969068231447396,0.0018195839431443916,0.07078742574988488,-0.07362909301477372,0.04704994747429084,-0.13699607100490196,0.057507911396015965,0.028742683540413247,0.1255907594477886,0.021001612131316762,0.19136587067676644,0.05552052957363966,-0.3750904316570537,-0.14727491467759762,GUY
0.05787097152251767,0.06142573869742589,-0.05724656790871556,-0.05414684676815931,-0.06813824526883032,-0.06379159773619116,-0.007194139050823585,-0.31422092520746037,0.10541627594727748,0.29471442637467204,0.033626834381551174,0.07377110969771142,-0.21860690599981542,-0.10469404398173125,-0.02320129235183546,0.10668714115809746,0.007415167836349472,-0.14135135870595805,-0.09860149115454211,-0.058030030912666945,-0.06306811207514745,0.04214340517012187,0.00020619668626058104,HTI
0.4075865104427517,0.6880101780723616,-0.7660832589317128,-0.4337752793122049,-0.12582161914662435,-0.11175981790258874,-0.2057921207640702,0.2878757068573087,-0.7995944264227823,0.2496790983817874,0.39049561985032427,-0.07058552085256793,0.02228545307766239,0.2561572165696196,0.39943664724864547,-0.43857014140777734,0.03286268038669306,-1.1375484230971469,0.006169300588365253,-0.29574055486997564,0.14963042952821273,-0.01954278080627431,-0.10778836356638159,HND
0.06757053156076868,0.06329373991054417,-0.020242221981860205,-0.020660435095300987,-0.02753675927395311,-0.028316504028876074,0.11617588040679025,0.01656015000534405,-0.08675119276318875,0.08172496832636335,0.024780724300815626,-0.01481138286963413,-0.06872916947050993,0.031164570803717918,-0.050352504835950794,0.09324665559346378,-0.009514164741437528,0.06622214552703834,0.06433854174007692,-0.016437856982379,0.00444684424020381,0.029350601927925688,-0.10936683305163418,HKG
0.10279496358218827,0.09321312390499256,0.031650254231833874,0.030679248225844155,0.10211050916538032,0.09264997322519665,-0.149599474800956,0.043025332304016235,-0.08251390987773041,0.13445342761765813,-0.017447471972678003,0.003847833022685678,-0.09524498533425116,-0.06032461793884794,0.01582478035075021,-0.043213831587082335,-0.08278180719327002,-0.1701578055776046,0.01893987196377414,-0.21248239275551875,0.07680480274249252,-0.11498526550108051,0.04944371301542309,HUN
0.041036108904225384,0.039418525979295,0.09478549134490508,0.08657905324308263,-0.018820377727500087,-0.019181378516514917,0.07057867481625427,-0.023828198305272382,-0.012018839743874141,-0.047730325810785,-0.011643099508616306,-0.13148326690455125,-0.22503774674622679,-0.09162776273689388,0.14561606521704037,0.058910008741423964,0.01855078057296238,0.06826598366766934,0.04584702495611302,0.002443208359666478,0.12155880853383384,-0.011072867807820774,-0.030516833050652364,ISL
0.08864127586518468,0.09726277207620418,0.3285853267221775,0.48939253161989393,-0.6344272210557473,-0.3881648646587907,0.016018012604078417,-0.22967981161506204,0.32617038393648373,0.030536680523622513,-0.08907860254988012,-0.27760817404688953,0.16094399552190147,-0.15869850219358367,0.09003846242221612,-0.3722183410194693,0.004536133499301233,0.048610298087549256,0.12572497130711577,0.21703009671883478,0.17120503743821489,0.11412912973202334,0.2865383384821027,IND
-2.844964131429527,-0.7399195503994965,0.19571244409691024,0.2433364070604768,-1.0469736447748785,-0.5114739251515973,-0.24353372680293578,0.11848493910054254,0.10857603111518306,0.38526104025325586,0.10270326788681709,-0.00956852641794472,-0.038791086181422,-0.1494220785933312,0.15376174983227414,0.2078677722773823,0.29889816600152463,0.44914447283040554,-1.0207914382076115,0.43764875357261385,0.13101184448100794,-0.32657639438877156,0.33836303625682895,IDN
-0.07446136662194157,-0.06930111117540202,-0.005718729956472072,-0.005686212045309708,0.10944082640101706,0.12289001073195172,0.08889255208248695,-0.0661113149722411,0.04163323647541279,-0.21655918573320512,-0.10499632005477877,-0.009213460632214879,-0.05406647547613783,0.006621669544389482,0.11009410552928511,0.06278245429435747,-0.04791201943958917,0.02371412079972464,0.10043079590589583,0.0626744568155286,0.024927422116549428,-0.14801572338586716,-0.03414080110220222,IRN
-0.018692924031901034,-0.018349910548034244,0.006878513044451902,0.006926154689833815,0.048095079367530096,0.05052508745891827,0.2897981127714524,-0.1645538813321654,0.0686547415385213,0.09169564505534436,0.05201706899845314,0.13043679177960563,0.12309415926952322,-0.04377090662345668,-0.039712854446482364,-0.14456304813519627,0.0092405371077192,-0.012433206129979921,0.013268479387608634,0.09082475393144025,-0.06953179718914765,0.03379218413424459,-0.014909249170418363,IRQ
0.06263642553529061,0.05894436142986356,0.04297617131369726,0.04120532424011741,-0.02138438609825569,-0.021851670660553,-0.08604198396708636,-0.024699564379944857,-0.05580964819405422,0.23350558867412174,0.006738656721536493,0.03502664659520546,-0.11250202437610039,-0.04591122554334712,-0.012331976207207874,-0.018635228152237584,0.007556936410849923,0.11497025356960318,0.030603508600950912,-0.04283364323202157,-0.08951874391501272,0.027399887453031777,-0.01635690197648454,IRL
0.007829649009999787,0.007768821861602229,0.013881536219703184,0.013691477479174768,-0.07535122701558374,-0.08149172877002636,-0.022281681073268802,-0.11893489484522034,0.0451164765613378,0.1549540802720181,0.102945258925062,0.06414431539598041,-0.05978856264094327,0.10524317800177446,0.08196116487303531,-0.10579257664970293,-0.009193705645147663,0.0425248861874266,0.04635423989554522,0.03145690940894145,-0.0311885298979911,-0.01949372921566628,0.027342988737678507,ISR
-0.059688479668493624,-0.06347734594110947,0.05365543045999769,0.05092312810135,0.06616576674701263,0.06205954909703341,0.14101449418082165,0.015310544768819778,-0.08749734931301487,-0.020869172387058856,-0.03779815890561864,0.03636032301196589,-0.006429573741174508,-0.07449106258000947,-0.19925918372538146,0.044945575127223705,0.0462967975366115,-0.1820164707225666,0.13542643610328853,-0.024997986445588805,-0.009245250332856092,0.03180169150891944,0.3146312131114681,ITA
-0.06416453650625022,-0.06856390787618258,0.03699202260355765,0.0356724273641782,0.11760933769434824,0.10523295907403457,0.06584093459010261,-0.21355409386287325,0.010445329270616735,0.3282711789989949,0.15071890750399813,-0.05305627614058894,-0.0850422586287369,0.05059144923806901,0.049201638859253584,-0.1968640251561579,-0.00756802304921144,-0.3626638741803075,-0.28709772918418835,0.5463474622741141,-0.1150531544145202,0.39618201468073916,-0.1723367658551188,JAM
-0.1160124138104353,-0.13123760516876454,0.2081350842619348,0.1722779902456747,-0.18410682600303616,-0.22565065117669592,1.0786347189163774,0.037493152722404874,0.10176149878187254,0.00020390659649737,-0.10436461537729315,0.002533053693652916,-0.02938780774816851,-0.07275179831559522,0.059538428465835624,0.059683654949874494,-0.024322157555474504,0.024041369435112862,0.0655569585141357,0.1727614118906862,-0.03802266192944296,-0.021997771179797117,-0.012386871092587053,JPN
8.030971462199572,0.8892699413141053,-0.19344706436359055,-0.23984422573696468,-0.4125902115069897,-0.7023890639709681,3.5911567392654913,0.42851990304021487,-0.6685836385461953,2.3970223707735445,-0.07686878579617484,0.037835968185066945,-0.13480459131050107,-0.1745729448684924,0.306814462120448,-0.3444248308823902,-0.29828957402767176,-0.4376811466236367,0.09046609615032328,-0.3798628677299979,0.8627347400806896,-0.6894287863111488,0.15761342199269496,JOR
-0.02151446250811193,-0.0210613391173021,-0.34944853331557857,-0.25895654757353936,-0.08767906489538341,-0.08061115426894483,0.39839809024072487,-0.1511297535328615,0.3793375530166987,-0.21636684633595035,-0.04944575843842531,0.10805325599402361,0.06428891953547693,-0.0357844540357589,0.25836660623658986,-0.5324704614344961,0.021836836658030163,0.3142716423833552,0.8689983651823996,-2.025046725569202,2.7095075561154536,-0.26465230102717047,0.09490393514824627,KAZ
0.01173868223145974,0.011878115656661999,0.05698672414429666,0.06043045798330457,0.2304927218996443,0.2995328679264091,-0.7265115432662113,-0.08976083668526005,0.014112064577121558,0.2873947633482323,-0.2836425743342909,0.1319052169390249,0.31520733474529034,0.4460168504041683,-1.626446372056294,-0.39783297175796467,-0.0012645521877887476,-0.05299748674596529,0.011827849516986011,0.03870225154446987,0.22556144130933428,0.04216918493689902,-0.24355358608916744,KEN
0.027666617132051003,0.028453838590265044,-0.005453351616353551,-0.005423773870350937,0.06915922771032844,0.07429759177846428,-0.08472704550067353,-0.11323186144583937,-0.0032045244497185296,-0.0026010758735812646,0.0028285410272224027,0.038397642427507796,-0.09611719185610644,-0.02046227592587258,-0.003912249795125249,-0.029791487692482355,-0.0005771132471026064,0.13463730239144453,-0.06253671791413926,-0.0025108797623951333,-0.0038400870088064376,-0.00884446859705247,-0.01499974167582085,PRK
-0.1813511164466541,-0.2215249053531955,0.5489279938412166,0.3543921964247798,0.19003099744633994,0.15968575428213472,-0.0667353675666573,0.04275459482250954,0.028001435759340478,-0.08975893042520958,0.2088073604004244,-0.19053017738206413,0.14834285748641335,0.11236315369563118,0.05751132552803414,-0.0955281547030311,0.10860018725963473,0.12047983108460841,0.002427313398031708,0.0008406765290478422,-0.008357525856460104,-0.0018479437327378336,-0.030061561057871115,KOR
-0.5603406107529512,-1.274487988787362,0.09730204721417386,0.10779026020153125,6.452930460538387,1.183387631152968,0.13032409369458234,0.3797173882504233,-0.16465665164860988,-0.37613073829484406,-0.12142764752450302,-0.32738824978523456,-0.12002663273018162,0.04152178612636978,-0.4794440814872008,-1.4390184438116491,-0.9547741305400461,-1.0341541716931117,-0.1910935781104126,0.5732496953103791,0.15960721149941798,1.4131364360387115,1.5309883204166608,KWT
0.4062917614825628,0.6843289938120507,-0.24243416754813132,-0.1951283809479908,-0.182907867156679,-0.15462562405331642,-2.2754705092248577,0.13345028366877756,-2.125419744795165,0.33991941982272356,0.37487332702756637,0.15525558134141207,0.05313364135526989,0.24262785251183797,0.1641945838901655,-0.5812113420469965,0.05735217107060053,-0.38858655980669105,-0.156408610610735,0.2984673922471589,0.0067719302922224075,-0.007390274382923197,0.015535700367738155,KGZ
0.0503307875078335,0.05299823016874801,-0.25472969528404354,-0.20301559470653818,0.03916867808543618,0.04076540511542463,-0.07580319164055375,0.07996146779425972,-0.028729208869847346,0.04141011373710335,0.07376633066753542,0.028325583608652664,0.06263762787695813,0.05234933391301287,0.03748328814487063,0.16131424377795225,-0.024252890384896787,-0.011636532585006121,0.05080275365684379,0.10116878000705073,0.00465933043542677,-0.07450283142942815,0.0800125070332715,LAO
-0.03285977409002091,-0.03397622517365902,-0.05702616241868751,-0.06047480868075531,0.09391842695347034,0.08585505522110119,0.08104877451473932,0.013085040117660927,-0.0490543645986859,0.07995939577122811,0.00809177445447658,0.01660824677830766,-0.03814377855179162,-0.0019402628745212914,-0.024263786910280742,0.059164847639856424,0.02682582542703812,0.12241801150722434,-0.07071541598458264,-0.007859110947832409,0.06870028317702578,-0.00998825420804254,0.0435382899140365,LVA
0.3074442908811021,0.44392716258486603,-0.6666337374625498,-0.3999881452522974,0.012877376381080195,0.01304536647521076,0.7001105034755215,0.20476862788953049,-0.9311002698848154,-0.2558997730389718,-0.24253326935798056,0.038793986811491356,0.792271625906301,2.055536403952112,-2.085100062365996,-1.0010865813159024,0.3511558839399901,-2.278673796399249,-0.1776063981491319,-0.16400625893157872,0.10470317911537254,-0.422770263716534,0.02637149503900183,LBN
-0.145567888121179,-0.12707050331161232,0.03713812705149428,0.0385705656178583,-0.06488598232129655,-0.060932328341720264,-0.26833195998007625,-0.16215253094017787,-0.10560039466060911,-0.05456168022580097,-0.041892017611813756,0.0757172811294994,0.03254322076355416,0.045617976233492674,-0.015474781003092327,0.1351016737098771,0.3239508467567497,-0.1625464257797498,0.03748383124004805,0.02183638096276422,0.16955988791245602,-0.5524627629398435,-0.07186854289096362,LSO
-0.05389296288410033,-0.05113703647533236,0.07385959078235006,0.07974988462574727,0.012806568892377801,0.012972704729212811,0.0313064132451307,-0.1411432734134203,0.1510540129138382,0.06545203700697938,0.18809023707177283,-0.12089573191214152,0.10778628367040077,0.11685811589892023,-0.03305467673816637,0.03816875688012056,0.13171579367323769,0.05337413732714467,-0.0020834489356919735,-0.09648537288738693,0.0025080828184993933,-0.011708625118841055,-0.02272542546836491,LBR
-0.05056786330951424,-0.048133837970461626,0.03235561880644189,0.03343751013831358,0.0493793284776066,0.0519443032924236,0.08168569266703953,0.08532473729960338,-0.0960753290881157,0.015421862853698651,0.24192365502672308,0.17990042030508027,-0.2564003913674035,-0.043496061114530096,-0.29234398589254906,-0.07686046904700619,-0.12281919710232411,-0.1400903250087368,-0.052724083959007975,-0.018880864824959615,0.02653200032886913,-0.03184161617621494,-0.027282921943994048,LBY
0.012112860831398562,0.011967895380213301,-0.00805796079336337,-0.008123418985052843,0.06434061387396273,0.0604511497872632,-0.012847072036181338,-0.07212987185006103,0.024637991488450414,-0.16026950727785344,0.020418653500605153,0.015069978645661826,0.08390681803230386,0.007763511101992402,-0.016181835678332375,0.03771480738699188,0.013525159374122355,-0.09632039356434222,-0.026973138875820587,-0.012417113715377705,0.08832229101310077,0.024630663884554385,0.006658073215938764,LIE
-0.09634831434591118,-0.1066210752167983,-0.060443128570707196,-0.06433152734943945,0.19792928958571399,0.16522618764431832,-0.026081683114955047,0.08285814101879298,-0.10784368620278063,-0.029794173581176277,0.11308621814532369,0.03685032019290904,-0.15145985563812903,0.008809501092013278,-0.032024175150315186,0.20681096806287685,0.026914176252710222,0.03424903807248861,0.06979173560365368,-0.11026792531136581,0.01748870596249488,-0.04635106263353191,0.04975945665503225,LTU
-0.05847673033776274,-0.06210864056364823,0.11792721220248216,0.1054873796033179,-0.0004734347324858654,-0.00047365897909803996,-0.049549523689735975,-0.014498045731744123,-0.08639696356963311,0.021522505319638674,0.036675902658496976,-0.045191200184289355,-0.007099817241982458,0.01833115756132912,0.11283305544536162,-0.05256767557536119,0.007428920283102578,-0.08404776734340638,0.016636867096369294,0.038630204899914256,-0.01788651972412415,0.03943174299656395,-0.0330410070268668,LUX
0.025202702529810814,0.024583140941415896,-0.021052088513480352,-0.02150480967012129,0.1683848232328967,0.14411760567633816,0.6352972734106582,0.3239833841464681,-0.3011504280370547,-0.009337300436195703,-0.20445401751799933,0.170615865317778,0.24885426482154968,0.05354605423665935,-0.010273529200690473,0.013448771550290202,-0.006117719257612499,0.2855637356765423,0.02321875974183426,0.0050986211098822745,-0.013796417242546363,-0.0818254208124657,0.008637811969202854,MAC
0.08067995677911292,0.08776046750427223,0.21779487488921395,0.2784370338386201,0.2210572315962952,0.28379136512084197,-0.0384902063504113,-0.26526354048716005,0.31014630185798886,0.20252573739030327,-0.2090174516885344,-0.5427988343727159,-0.6139942437155228,-0.07924143220478545,0.06722922223081704,-0.06651233495598098,-0.1514325860399309,-0.06717947263141896,-0.10547173030600263,0.09858753292857399,-0.0062272577941483945,-0.05696209279908717,0.004805534789552851,MDG
0.12797010444555224,0.1467496757828323,0.006368396165664788,0.006409212570423331,-0.6548265197564456,-0.3957070496143738,0.084430572655139,-0.19218468101804648,0.12101104469961278,-0.07527365039694059,0.11851793290121361,-0.08439705132864882,0.07193935045520251,-0.2806853416671328,-0.2185153510290324,-0.003757413138553679,0.025572194711550533,-0.16778757920405707,-0.022563656683331393,-0.03271935620106316,0.11409073767773299,0.09580281730787739,-0.03611471039654404,MWI
-0.12696710077403206,-0.14543220637687435,-0.019197501180823504,-0.019573258840527283,-0.00666861839386822,-0.006713387412653403,0.12609747279679015,-0.24496757127085603,0.3588274793486873,-0.14136637886163342,-0.0814067072035268,-0.37491222420023745,-0.040078857333592996,0.9392944955877573,-0.011671595839730372,-0.01990314888946969,0.11607570908686804,0.3157169041138491,-0.10152259541334124,-0.0543105488131438,-0.03974837144167304,0.021145789517960714,-0.03555368915247769,MYS
-0.08379347794325347,-0.09145697604853274,-0.08163830784325309,-0.0888955936865439,0.062148087662400646,0.05851169755356591,-0.16344708828665047,-1.088835374638002,9.479156903177428,-0.218252657772191,-0.8157365872750343,-5.847576475553722,-0.04425290849289824,0.016559967450174448,-0.013703268172479141,-0.031113837417633846,-0.13525135105454797,0.20137408433426934,-0.20530017733097278,-0.10351716650540246,0.07749030912525534,-0.1258187906021898,-0.008504103703678666,MDV
0.2809256636117918,0.39067680404620614,0.2729990168438735,0.37551395826000666,-1.554708145462611,-0.6085658544690953,-0.13568495429450214,0.01825001070396887,-0.15483542078700693,0.176771141845116,0.21239562922945646,-0.13001543897980103,-0.00791297942196223,-0.2067608968365843,0.19242865366183803,-0.03140616714604788,-0.20755525803310612,-0.21427308629919914,0.040457416600924896,-0.022298425397110844,0.030792796854564042,0.030521905320680703,-0.03239330174358417,MLI
0.04840400709458774,0.046169231295413025,0.04171020164743592,0.040040120161511705,-0.020471324840210473,-0.020899158298628682,0.07124243336464559,-0.04004946510145671,-0.06335115326997152,0.05002753524275723,0.025878190956215442,0.05030486339480708,0.13733290288439626,0.046816187589573156,-0.0635848128300389,-0.008935681452994204,-0.02220363029543591,-0.16586070633393177,0.07918647498035712,-0.010320356246069817,0.10846202255893878,0.04282126869745619,-0.28532136575209704,MLT
-0.13052188291954142,-0.1154527699919195,0.130993633517783,0.15073955562380048,0.9528876631899004,20.225862856915768,-1.137803001892793,-0.2384662526731723,-5.439961242992593,-0.15599832350001638,-0.0654735011174449,-0.40590783972456074,-0.0627762900257864,-0.2087449799827062,0.056312588363772835,0.18488737935376262,-0.027669734312518256,-0.23248587484301145,-0.07786733945777512,0.14546674079504276,-0.044404737646665096,-0.04508588075226307,0.06367757074456752,MRT
2.3599416074203443,1.7353256893852134,0.20095866568671364,0.16733187529964214,-0.02106800390333181,-0.02152141720501224,0.04408900182055297,-0.3004751809222317,0.1239633656366618,0.18500882924707754,-0.07636803504071457,0.518850539802861,0.0854701468939546,0.03266174851791752,-0.05754143199288515,0.182276700482721,-0.0511353036992411,0.19926308200196835,-0.031768786537386746,-0.056530805582990826,-0.03345905878765568,0.024409367887525006,-0.022633059924656404,MUS
0.29481865875046487,0.22769107995012436,0.10576599312528324,0.09564952601440689,0.39346150995641516,0.2823626681792753,-0.1975971191373826,0.1734926820228756,-0.544474475628351,0.9453687635463267,0.02551443027519579,-0.12797276679297742,-0.33526321733531145,0.12394420069248768,0.10769488894947697,0.7044713437323167,-0.01714586444859824,-0.09166144037517564,-0.1601879147551959,-0.1973683180627833,-0.3164791679074289,-0.1927284974864179,-0.34558016437533023,MEX
-1.0936286082237978,-0.5223603670335853,-0.1760209506037041,-0.14967501260359758,-0.20086858092957846,-0.16726941159047415,-0.11946048898006176,0.01318492743523155,-0.03258966171085766,0.24842360265867205,0.193569962982426,0.3510683237859467,0.2912386696897461,0.1879501369871587,0.1886115339409237,-0.2196306124993319,0.2865177344941826,1.2656513943733847,-4.405076814817479,-0.7330038872823867,0.6690194296617001,0.20315002458902148,1.3229902014171477,MDA
0.29522971879320653,0.4189020545640463,-0.019659336550975896,-0.0192802986706071,0.09518519369980342,0.10519853680226281,-6.370147787858946,0.11364951847918564,-0.2578556594959552,0.33837587580465883,0.14696157480972968,-0.21537132807516768,0.11700563670863157,0.19265330560303504,0.07752369146658245,0.06771555043641145,-0.5640901330786345,0.1610796598504699,-0.2911883647101383,0.7822820916553522,-0.5351403767403765,1.233529719061992,-1.4109203490008444,MNG
0.38671700946243065,0.6305686207332379,-0.22144904335252644,-0.1813002716386042,-1.575674337592308,-0.6117521592676264,-0.9084907544575311,0.0688711083003476,-0.659526452778288,0.5531569790018716,-0.17967964584400994,0.13097284766742828,0.6796267165285572,-0.34139349432629296,-0.4489198644215455,0.2895567539129292,-0.39531948196208133,-0.12341750885264541,-0.3094759865850355,-0.3760331207743957,0.029100597785491053,-0.2516828260342558,0.25916109069067383,MAR
0.22640812800906804,0.2926712859926765,0.21558252471528846,0.2748313640476212,-0.46796963112389783,-0.318786997497771,-0.6926711112018623,0.08544859954009129,-0.45872609598271763,0.20669985198849145,0.014085703569218663,0.1869205508265994,0.12543948498635987,-0.010696567399222104,-0.08547775058445253,-0.03780290896342618,0.1015009913343587,-0.0065504043157473876,-0.2345325604660887,-0.40801213124785557,-0.03548723430950711,-0.030950844155674978,0.03640207678344523,MOZ
-0.03442716937592816,-0.0332813854809114,-0.06993351480527825,-0.06536248639524649,-0.002786241562643194,-0.002778499990487893,0.027742064470748208,-0.1728209384832988,0.09529974928640271,-0.03286390068259979,-0.035246353309949616,0.02382238607523762,-0.010428736964078603,-0.0034381315163546852,0.06324581062837235,0.12737636526997645,0.18540583792646348,0.0763920951451815,0.1143520141881378,0.28970172609976386,0.04216079349895804,0.10521381740908137,-0.021758392432574075,MMR
-0.26252087702203913,-0.3559705879699655,0.3121270166997299,0.23787866016568548,0.4271255919044646,0.2992908222845866,-0.5553091883097128,-0.3313482189314198,-0.2172471594500993,-0.016269998209892337,-1.2718424990520556,6.284572969304104,-0.35856926969949593,-0.21553030650953892,-0.4676580099758799,0.668473909715563,0.12183765613156239,-1.2191779534146967,-3.8134194724426327,-0.5141072779096437,-0.39465367627802406,0.5990752393923122,-0.4328342696259654,NAM
0.06008091887278124,0.06392137374286291,-0.21447443914826578,-0.17659856167798885,-0.018482924576061883,-0.01814750559883496,0.28023482177770176,-0.4253760107040929,0.02175498162782808,0.01218541725998548,-0.09313101179706097,-0.09864978097128084,-0.13323704144757897,-0.052962505840729625,0.028923158053317004,-0.10697141316633207,-0.06134822830127251,0.020043173463986,0.03888575962596953,0.04383443088665745,0.06343002120381308,-0.02988402850128062,0.04890050812538199,NPL
0.024796041410926374,0.024196074544538027,0.042861016724609506,0.041099452407595494,-0.05424192853411421,-0.057352858168095336,-0.06399245512209108,0.014515775259950861,-0.06811160675829292,0.016641351801705468,0.06917878312091648,-0.013386656142915503,-0.0422918940113947,0.018580524626577628,0.04603017664065118,-0.032151988608915,0.009950336735869756,-0.0006681920800882465,0.016823360647861905,0.09846189420860438,0.03607033211262023,-0.013166146344131983,-0.07889765408507124,NLD
0.035998498895313875,0.0347476361536228,-0.07209166562302474,-0.07769265880279995,-0.036213335269120565,-0.037574015696961706,0.045547401732282104,0.0477275333012146,-0.07426819581003218,0.03840196287996044,0.01144625286510222,0.049572896790777726,0.014994866141872286,-0.006532173128589708,0.08591409527178517,-0.06001997164594576,-0.012748129966580347,0.06641183099484874,-0.015178293548186991,0.06118814128662384,0.024707657210140975,-0.03882150839112231,-0.06308429370696257,NZL
0.5069081561502401,1.028019754276629,-11.231005272006136,-1.0977421058257273,-0.9933801703991065,-0.49833954664062696,0.04236211370065671,0.18472251765506684,-0.45278854200570995,0.03294924906467,-0.03458003998790097,0.07962116933642693,-0.04929064821934339,0.3427383192769684,-0.20568379452229105,0.13418649031615315,0.006848730589055298,-0.3412570660140198,-0.0026364209955811986,-0.28471268444894965,-0.32612769713040274,-0.049495666232808565,0.022910186075247675,NIC
0.17315765553170112,0.20942040122902789,0.05410694782618977,0.05720197193735948,-0.09038947758948156,-0.08289650574151276,0.09322014262525112,0.051801470797659996,0.2937422609878951,-0.19867502993565198,-0.018144662995101993,0.15637190386947983,-0.1412174377754261,-0.0701584667817116,-0.02594054078292436,-0.12026369788946753,0.052579128008181174,-0.27430582673855736,-0.015398816819268923,0.07903015677109256,-0.011848392412441094,0.05911795385739149,-0.04623720902652412,NER
0.00814051605453657,0.008207327939392153,0.10736149234325332,0.12027432316928231,-0.3130149237128763,-0.23839403350248953,-0.024074363380721994,-0.08550835066950663,0.4373953654194222,-0.19278843695082007,0.020107527900975048,0.09761249304570851,0.06999501396090946,0.024977375298758524,0.06360709209777292,-0.045893395703460564,0.07413019296294081,-0.23763858168758495,-0.041817540630167974,-0.08038798318302166,0.036341876982208136,0.09310594209726777,-0.07213914488397768,NGA
0.26705657726306903,0.36436178970790933,0.08901123028655757,0.09770837275475595,-0.20629553486347962,-0.1710157493758998,0.023893333843250333,0.7493067330693767,-4.090092534507795,0.7954242484978485,3.267626802077862,1.0428134781469616,0.2896639612931792,0.11992750740767134,-0.0036281169247528488,0.10154005195107337,-0.06316597757140414,0.4628533630202611,-0.10575476905836792,0.021361634530326433,0.14524625907237743,0.042390764082101226,-0.033448855671546374,MKD
-0.02133242675173379,-0.02179741858712042,-0.10516543233461026,-0.11752499974267364,0.04631888801145996,0.044268423844942235,0.05973780742865776,0.08136234414523309,0.021104986023622187,-0.17461415837228508,0.08832178939267384,0.03270899376964397,0.06902864119325912,0.031876495275423716,0.06253768195472674,-0.038663261697640776,0.07740829357950005,-0.01204766502234876,-0.024050255425398244,0.056689055935417454,0.0679938255427237,-0.012014355243755579,0.006936711715105813,NOR
-0.6598423983506557,-1.9398137661814259,1.8464182542874907,2.181448999870393,3.95873222797083,0.7983355515026044,-0.022307710517233674,-0.07191503695809057,-0.16016096880310246,0.098919356769584,0.014698214968791451,0.13369902023713717,-0.24168079007957305,-0.1575838681478693,-0.27194120413912287,0.4570127106664983,0.00896468159317064,0.4552088344626941,-0.17024899882840405,0.06258512684628975,-0.31068440983045587,-0.5881598502675117,0.6875390571129671,OMN
0.027191267552176178,0.02795129879617387,-0.28785961680956024,-0.22351785322897275,-0.013317134894697326,-0.013142119516296426,0.08447701131011517,-0.26727865527688655,0.2929227980162881,0.24452130947729608,-0.10211027544149397,-0.12241371708190227,0.03309487885092507,-0.03177749701079979,-0.0625054247999568,-0.1309167398413372,0.023436879020807683,0.024908807786305012,0.08178759800469391,-0.020049345069400305,0.07230431896222565,-0.07292233198699885,-0.01236508163903919,PAK
0.17485737724699882,0.14883285463699078,-0.16584732619949563,-0.1988213086267221,-0.08415177624622809,-0.09188397603842784,-0.3009140437910146,-0.22781082652856585,-0.33088997185238384,0.8260105799780716,0.16569144515087264,0.6650778764997634,-0.40346422230480206,0.029559612389686702,0.11775425117545468,-0.11367688661679684,-0.036518255283977764,0.02125112011267023,-0.05025781805642359,0.022955340536176656,0.07412792027713777,-0.06723762268885435,0.0016060702425323215,PAN
-0.12010139156328668,-0.1072236785597286,0.05611881175374001,0.05945537685522601,-0.1232788835081362,-0.10974913293404165,-0.08547092758915471,-0.22602220770326367,-0.26789649512898506,0.22652479117490695,0.21503898821218323,-0.14544059575391746,0.16618647451400487,0.022982336677421226,0.07655318832942526,0.0073777878882590455,0.005294292876822814,0.32317240580779555,-0.6022974821235908,-0.006127902940879395,-0.17521026019007202,0.1851270452864749,-0.01897765746835469,PNG
-0.21097817763776994,-0.17422128782644175,-0.08621965979069884,-0.0793758969592875,0.15467538606382839,0.1829775017949586,-0.27525247096429734,-0.010267595032875006,-0.1610722053099274,0.18630190432480684,0.15045041601808623,0.12069704160000752,0.13834509615591467,0.20013589578534133,-0.044419399258598745,0.13446349891834175,0.034738924592040525,0.08796133675270751,0.042732379107955056,-0.10724602374862045,0.22878881724616829,0.6745903304588385,-1.7026151040289899,PRY
0.12185198427030472,0.10861681039817546,-0.14272926282576812,-0.1664926336996382,-0.48169937658004164,-0.9293822056427276,8.966421643251707,0.32657363061311767,-0.8533494314964101,3.3188469426996527,1.0627216353171034,0.24242391539347868,0.11952320548415625,0.16469668426383133,0.029334913198812252,0.06132942662209985,-0.06712785719381818,0.13500832338304125,-0.05675224386256497,0.03459754511577346,-0.17727872175351286,0.19158692137339625,0.13153653936566814,PER
7.606390343651643,0.883807268777016,-0.26663562930717505,-0.36357865198070444,-0.9044288007590294,-9.463403284064979,0.5007058922100501,-5.271468905222179,0.3970306053678548,0.05881974440572028,0.31712872921013235,0.3208349336083648,-0.3493350005972667,-1.1993688171961996,0.025282990590174716,0.7315428103999462,-0.17794280328072717,0.4885555039995999,-0.17026530019095543,0.9048028001634049,5.559223679719121,-4.025460982288012,1.1645322826684483,PHL
-0.005640925594694495,-0.0056729261490050765,0.02582096337868264,0.025171023307651797,0.011589020395879722,0.011456253638799305,-0.03568661154212423,0.10848851766612726,0.004495646787144292,-0.12120590283946824,0.06130565457276256,0.07775502463154357,0.14394202465288383,0.0303064519890064,-0.05369943717503404,0.03476102268239189,0.08950324607312424,0.008082564862152853,-0.051919219495918115,-0.04813565727929543,-0.0738622033691959,0.0033511054814495222,0.14637717889594543,POL
-0.033729068266121424,-0.034906429613481275,-0.07587740633067827,-0.08210751133072029,0.16961775163993234,0.14501981643328316,-0.02821776351652715,-0.04632936365650085,0.0701972645316534,-0.16813739229143573,0.014892231225634213,0.017590323565041376,-0.09906180594177473,-0.2739363762392535,-0.13038143607209454,0.3210629448293401,-0.02756575608355708,-0.06737255408157847,0.27584799030152013,-0.11752373774078705,0.07620828541957063,-0.025675841035128273,0.0952441241481548,PRT
0.013526499478854237,0.01334597515290351,-0.00949334243611733,-0.009584329760554776,-0.02016998365993856,-0.020585186536006602,-0.01723272011896796,-0.27823868296343207,0.28195457342573615,-0.009337300436195703,-0.09512072407247256,0.024437897109191028,-0.13048310123611334,-0.0358112822690686,0.002200183321392836,0.07152949841383346,-0.07291195750758993,0.04830114994592319,0.10176128087952735,-0.03645471840400016,-0.08417661729280702,0.08783768948161544,-0.22650621762068682,PRI
-0.2760593390131897,-0.381328683260988,-0.49363632327477763,-0.974865192675834,158.71173361522193,0.9937387192702497,-0.24877352283282514,-0.26910450221374344,0.5930675050636356,0.17323085074163483,0.293614126391166,0.6143662106373712,0.060088429667063036,-0.12560004371924527,-0.16334394645279346,0.6005916947027905,-0.06794254253404852,-0.23244300497635778,0.18365915904365823,0.025576321205513963,-0.39901377178981545,0.4315851888689382,0.13455216472311007,QAT
3.803402621170758,0.7918142452617757,-0.7419648441635742,-2.8754409133068757,0.6777753570831059,2.1034249613798557,-2.06380838868306,4.996036095590611,0.42493375282276535,0.974336144941368,0.09790033214547292,0.14345776542077035,0.0379754355705505,0.06656554333275308,0.02390830093383668,-0.1573834974184809,0.10296161304676126,-0.04972509078640587,0.026575934620634494,-0.015616577409373108,-0.169029205308001,-0.12691045770685858,0.08407199655389547,ROU
-0.09208505988946161,-0.08432040989442915,-0.06869745568977893,-0.06428148146515322,0.2886705652065927,0.40581838890222754,0.3716635671868403,0.23399769541077367,-0.11598694749131191,-2.073423455272407,0.26721859374857,-0.320090874873199,0.1408135736250249,-0.051495444764232054,0.011663262464023843,0.031591928591455626,-0.040055019054384244,-0.10504476351471427,-0.3400592037852548,0.20203641122941046,-0.1438507700163586,-0.14933323740232288,0.20995435142284122,RUS
0.1056486915797244,0.11812885002240964,0.023263631163157918,0.023817717764376783,0.1461307056410826,0.17113943153418698,0.0026961848605899833,0.06632994773873835,-0.46748753461978626,0.32656234602594797,0.02975136115572108,0.2049421469652896,0.36869988146735716,0.3834563333134265,0.2700940333310682,0.306475236022756,1.0668254241770925,35.95364526333148,-0.014233327748295157,-0.559150312675552,0.3655609825316095,-0.40900669821394636,-0.10485811320405496,RWA
-3.3559772565273636,-1.4244523147366748,0.6739546653340305,2.0670581470656244,-0.20652924785535656,-0.2602858987519529,1.0088384659999152,-1.4057157826244941,-1.0685418923047014,0.07073465024526374,-0.22564421144257493,-3.037020010697125,0.1501664493208261,-0.08486511976279348,-0.20315917529381,-0.09728855396454422,0.25398773999530433,0.2490149255411127,0.5694551861709957,-0.28132653086594706,0.22726315758835827,-0.37851502813026927,-1.0387267179744069,WSM
-0.32470749854192327,-0.24511637391599422,0.1520413545585461,0.17930279427647344,0.19357219444202706,0.24003660725474762,-0.24189294682938747,-0.45809966478186215,-0.043388186601893856,0.25582705796909194,-0.15707980424013998,0.051456123107170154,-0.04858727067954847,-0.13901589014151267,0.1381805142333719,-0.07738428239388517,-0.010648646292417418,-0.0081532708993303,0.03509364480760094,-0.05330147554043633,-0.025541249317041693,-0.008232143296493868,-0.07975646274601864,STP
0.06585312842139415,0.07049547605946525,0.3069306708749529,0.442857096652123,0.2818001679651066,0.3923701390554146,3.518313231642426,-0.5604000493018505,1.2880734753386578,-1.3915780444467785,1.4243205908255734,5.325122478006638,0.33856057060143363,0.0031725844897389057,-0.8255945211392876,2.668422269243763,-0.1974190095992212,-1.0437011412061419,7.9461304588170245,2.1566942951164103,-1.0107750796660078,-87.63160973327095,0.09988345126797914,SAU
-0.061773601459146434,-0.05817963582279086,0.1661823955460757,0.19930305459898542,-0.3512523879191299,-0.25994580365555786,-0.26243500772555367,-0.2602185286311649,0.09609262224262582,-0.30102033760942887,-0.14001234252967748,0.0911423090289059,0.07328075552875186,0.06600809301567336,0.2307614122406497,0.6206295542863225,0.41185375171069355,-3.597034882504342,0.2828082773864899,0.09193999423705032,-0.030708949251532253,0.272385005618248,-0.046052876836933515,SEN
-0.06967931968291023,-0.06514038216945765,-0.024014563173928954,-0.023451388327423828,0.13948478583676618,0.16209450285245844,0.05187608884964524,0.23722052382464512,-0.3054172100955957,0.23983257692513538,0.22771896940071282,0.15282446682921466,0.5650206938037934,0.8224223325683817,2.1295034384210054,-3.5056475620796945,0.03504049506059657,3.3090636767810224,0.10003037897236927,-0.6375764442327252,-0.8393523222189856,11.509796116934234,0.006394528722791107,SRB
-1.2536602545853837,-4.942280991693138,-0.36988968986850246,-0.27001421545409876,0.09724488821121816,0.10772011915671183,0.8136966038191518,-6.216166143905187,0.9669551750554981,-20.5858243365992,-0.3727818633985698,0.23265052691087681,0.15521940344316681,0.10602659838090867,0.2388155252894958,0.24602377644560644,0.0005959110790914932,-0.17162722297547497,0.7239683146733753,-1.8205737695104813,0.3180449044701503,0.11027443844288355,0.026647325028554405,SYC
0.09443178905632932,0.104279045924022,-0.035312975080970435,-0.03410850238615862,0.03806180568365332,0.039567828690599154,0.08535981119528506,0.0869118559015774,-0.06243760971663721,-0.05057380474565665,0.06375054749359382,0.08942216470201558,0.1913448752634558,0.06664791544399065,0.03728406326943143,0.007650592190553246,-0.005745133766317378,-0.13911030862512017,-0.11119992343299247,-0.033894614757044236,0.00590833730240721,0.036156903860967406,0.005370025292200124,SLE
0.01230533715838425,0.01215575647652519,-0.019914524282446416,-0.020319170904829625,-0.04692505642034068,-0.0492354318371803,-0.06344622565928258,-0.02478174046507045,-0.014119369880106574,0.0034061676065623623,0.030709970262279146,0.03381815968841294,-0.04811235080783066,0.0041293228585147015,0.0019646299424384054,0.09848591525685128,0.0023175772669883623,0.13350321406494717,0.012127388169998421,-0.035359203518800654,-0.030085590650698123,0.005785323641954914,0.01604612167016175,SGP
-0.11832537925210948,-0.134205268551043,0.05214459424628699,0.0495602928831671,0.3460809161506628,0.2571026095075601,0.010406319044962156,0.18112171537021146,0.01506633783855806,-0.024213433489655545,-0.09925620687556619,0.09219601898853189,-0.058567172582465694,-0.04651754109460573,0.003403813309629234,0.04210471831644832,-0.10775499599785274,-0.04747275846963571,-0.11364352322265825,0.12729141254428392,-0.07336737034137145,-0.018346383240605342,0.24492046162884287,SVK
-0.011259801148216375,-0.01138802807986597,-0.1752226543665021,-0.21244843265174382,0.1404466552844735,0.12315056967696598,0.009705334591012712,-0.04659093891064829,0.03701800684181293,-0.10143581242289636,0.005421552954283706,0.04284538983295385,0.09764376968080572,-0.16860022867023194,-0.08407579338739515,-0.09554593950839603,-0.0007819040974248765,0.04995850967449017,-0.053321042440609596,0.022224017457348776,-0.09701463165348817,0.13138958329261466,0.5422906564311933,SVN
-0.010249465885779413,-0.010145480133258538,-0.009524884813553958,-0.009435017359986208,0.07802468802676084,0.08462774112657082,-0.00892275824116189,-0.1070648502346244,0.06924352705542955,-0.18605689319908816,0.005557295143250165,-0.04499245009596396,0.033909493274395325,0.0653851978731673,0.004475630237322783,0.052158120574803325,0.015262020049982878,0.04249238680698323,-0.013127354255024908,-0.05226011139137015,-0.011271484156000468,0.017121913805920895,0.021519072794974437,SOM
-0.18075981653307155,-0.2206432499051952,0.16354597048532019,0.14055823717657193,0.25119493765333467,0.20076402972382587,0.22669492300990438,-0.18151008813518513,0.06816416154131515,-0.02804743563742782,-0.2812726482841188,0.015697267478766767,-0.18312411542486567,-0.10827813391405708,0.11932909954896702,-0.061513783401409367,0.10012306380142978,-0.31499408894090253,-0.028875609736598,-0.24173326088683955,0.10055111438396737,-0.4434273836923523,0.20352507168899356,ZAF
0.027786457849477853,0.027035244176711506,0.016584551328620245,0.016313991105752417,0.03211894759258889,0.031119424430203813,-0.0271793823224867,-0.015243936645660634,-0.008043781260800124,-0.0986297383906796,0.032146312828707335,0.0327327796936601,-0.052192451146036,-0.02433928011361575,-0.08142632452114712,-0.10588181760182536,-0.014634143782125748,-0.20078850380115199,0.07613868180334292,0.2488337887567519,-0.06520180368112759,0.006644809327381923,0.1065042036391712,ESP
1.6325652711262173,0.620142371789248,-0.06514751600883661,-0.06968748238299853,-0.09445345421136501,-0.10430546574401205,-0.4654888231868936,-1.6721522659678298,-5.025094006051259,0.3528542882165016,-0.05488190422360531,-0.2751247961182727,0.2413410564535161,0.21746525092572608,0.47816832912497514,0.010652998646274938,-0.36410070842283476,0.3404259340730965,0.4766870098659246,-0.888977219511458,-0.31598619292912444,-0.32510239613021613,-0.05690368078218846,LKA
0.009245281077418198,0.00933155391626297,-0.03093839578022919,-0.03000993648782935,0.05286518200922377,0.055815899706200815,-0.0470323185041255,0.12042513355089074,-0.21288683539491404,0.1403128417316214,-0.08456853892355225,-0.11824833103536005,0.1455877603336171,-0.06837791746309482,0.026145090118523676,-0.1341063171356084,0.023483000580258356,0.006990246391742693,-0.03219282729235906,-0.0007333877279339606,-0.0462299111528009,-0.03868465879596455,-0.032753375137050865,SDN
0.022247707814989495,0.022753930614953524,-0.05009561227489023,-0.04770576287464441,-0.07509793022553496,-0.0698521763592093,0.1735660718824822,-0.18531286029490335,0.19871371654994122,-0.015479323831333089,-0.1282077428856012,0.08324196144608485,-0.13138903777106417,-0.08747440000130537,0.1292728490402188,0.18432685100914312,0.05996482947917594,-0.42278683185547933,0.04039452368145239,-0.03211988685086629,0.14274291769836905,-0.21201756026223154,-0.043192421669006456,SUR
-0.03886589557626851,-0.04043753665319304,0.07726556191455673,0.07172378348124084,0.08296044369657032,0.07660523907354687,0.0025392683416521665,0.0224698719642176,-0.08670112446241562,-0.06144575878641622,0.09184581310245526,0.040518294234390274,0.010245277782192782,0.003702791525999241,0.144781075762545,0.004773546211866645,-0.0012312211260562527,-0.04939509727826572,0.0020293807517983496,0.02156230131576469,-0.0300991854721407,0.019435685081069482,-0.01727497155474199,SWE
0.047472842258799997,0.04532131081931258,0.045064882219949906,0.04312161186032975,-0.020245816510001503,-0.020664179700548384,-0.037958214965571654,-0.04030016238694243,-0.057841485515495304,-0.0361559290491121,0.09940925008992292,-0.05018137149077345,-0.006519640232128166,0.046110330969708964,-0.0011421439409385911,0.022795605550481105,-0.01784040955878369,0.1091452273597973,-0.03624074067923658,0.09810767641134535,-0.014701075003360469,-0.04482018734532548,-0.07496156971193116,CHE
-0.08290374723371396,-0.07655689385644147,-0.005711231195116649,-0.0056787982653130195,0.10229695681287959,0.11395411610691875,-0.016159395369455466,-0.07341151844751363,0.10631157094001968,-0.38380984339155105,0.03511437444967998,0.12575476762664475,0.1584423740775939,0.06345840606301104,-0.05344110341574609,-0.6097210411481587,-0.012203299439636425,-0.08831767554479415,0.029672530690606883,-0.01873168011602447,-0.09669634379535144,0.04877234555469517,-0.011367290991257889,SYR
0.055351414444865916,0.05859471478733845,0.08696034545576821,0.09524268198315744,-0.06653429082902931,-0.062383639608353934,0.16178530427518614,-0.0044592478998958344,-0.052173399303041885,0.014665106334053163,-0.02153086893242965,0.037531921525291084,0.015629111289797288,0.047923376431598344,0.04122473941818934,-0.02487582768319561,-0.05477915209349223,0.03746864984050255,-0.007875968259965895,-0.0672456212289849,0.03009961239990953,0.01229256937619438,0.03450722449653903,TJK
0.05326586079282088,0.05626274429844373,0.19377457328674264,0.24034788145631206,-0.626899869102103,-0.3853340214773597,0.08773689055812096,0.06068047625135789,-0.07498641031018742,0.2179374825554056,-0.05563780694930358,-0.22364103306084088,0.12782291685757918,0.04361341011812132,0.010366474408785024,0.06265963681766057,0.16184351008166387,-0.007673622041980234,-0.13058748779076368,-0.16107535961834887,-0.3308197131045484,-0.075150565234578,-0.028984688200907747,TZA
0.42501130623213496,0.2982511818491496,1.7973100392167973,0.6425137056741895,-0.3176013362429609,-0.46541904770792386,1.1613661256035928,-0.4101301961748817,1.0801557214240192,-0.4839711208813049,-0.41218383142613774,0.4736936422335343,0.03534690449771245,-0.20301955073768327,0.1607283892909529,0.20798648255244462,-0.07007667510218692,0.20643925680913927,0.06863514303760682,-0.42445516443604914,-0.16227980927017416,-0.28586293057037215,0.1547278649394565,THA
-0.059921545403660716,-0.056533944105117744,-0.19335541967434944,-0.16202668248417842,-0.06636115401911148,-0.06223140609445187,0.06460740593650072,-0.1863067555063498,-0.03677325278644094,-0.10675127754687755,-0.06795036123246821,-0.019862583960759635,0.09511154064666526,-0.019831097134206877,-0.13343232034079627,0.15405779206573447,-0.09256297407588486,0.1105991103200145,0.0030261040793522717,0.029932240978140207,0.004292940497847994,0.17513971445383753,-0.04209502044725326,TGO
0.06520573808834039,0.061214219710608336,-0.010402334498496018,-0.01051168051535793,0.05278388986418816,0.05013744071539451,-0.002691487133515912,-0.10635048943780986,-0.07636342313541426,0.11015618648848431,-0.06255143984021092,-0.01553335079419172,-0.10650396637880769,-0.0637344093685822,-0.18515815740514482,-0.4334297693257045,0.13928711780338515,-0.156678910854945,-0.33002585575343646,-0.43854840108920407,-0.710378840117801,-5.138541289261726,-0.45253567941200507,TTO
-0.5577670139278479,-1.2612514929785132,-0.16991302329558636,-0.1452356029142663,-2.2669208922360147,-0.693901372887068,1.218968150536536,-4.4835499708432875,0.1139182132848064,2.3103735329929562,-0.6953827179096523,0.7423526250541989,-1.0375190364114635,-13.157970946798073,-5.344223841007166,0.019161355912812556,-0.7582902205458985,-0.15365407682718915,-0.05937135139924628,-0.15983499070465723,0.12432553282507953,-0.24637755445359094,0.14786392570054324,TUN
1.936383577302647,0.6594450371778076,-0.15279145988305465,-0.18034693071196378,-0.3560032846166554,-0.5528029508733461,-0.5668825777765449,0.3227136105989833,3.7967958827923964,0.0423520140054567,0.0974180380741761,-0.182499918844241,0.07986876675835766,0.06626507529570445,0.23998395517628057,0.13435764168757344,0.02139656849372775,-0.06896505113217925,-0.3219376999100359,-0.2759079092411933,-0.8208414800463949,-0.5012122729833868,-1.4174478111788769,TUR
-0.18509662534125082,-0.1561869482903571,0.005799395062415765,0.005833224234237649,-0.01170432577290387,-0.011568919371736723,0.03845730506921736,-0.08242742711368278,0.07069416054681561,-0.15588635341422033,0.037835237815735064,0.013884192339063905,0.018578552938252432,-0.02548484850010507,0.010305087541694041,-0.02562022910230233,-0.011178153483771415,0.015353774419719097,-0.007439300043186028,-0.008268232714080042,0.0431274593637077,0.010832618205935686,0.010880005659037814,TKM
4.3750467072839765,1.2962921958507458,-0.3601334648120922,-0.5628259097912234,-0.8346752832064559,-5.048702331961594,0.022407558993652228,0.260727921013888,-9.291699483186692,0.12004772391264672,0.08599481838677554,-0.052488376971700994,0.24442665047989895,0.016944237113343332,0.0901597395574632,-0.5223893052161658,-0.020662254980929877,0.11850757099020388,-0.21844723408688424,0.1864248536953659,-0.04366759779419423,-0.1292351414358552,-0.489728430899141,UGA
-0.4039795274342502,-0.2877389018431888,0.1515274564819774,0.17858852079490864,-0.0469234916589847,-0.044820363696900525,0.035100301420368296,0.2816666478201691,-0.33782367624754195,0.02299169378625301,0.17378093716933682,-0.23449885618045516,-0.06898833810116504,0.09545664145987814,-0.16879877589961273,0.012464559919441526,-0.04794150403980978,-0.0076862736299951745,0.05425545296977083,0.2777306112263791,0.2519751619427919,0.0769511836824127,0.1278170517145922,UKR
-0.05172760455666996,-0.05454930967645267,0.08523841408774444,0.07854349144044645,0.26898023383409264,0.21196566082152166,-0.40063531414986236,0.19351686951296196,-0.18389515486857866,-0.043872136999958504,-0.024973056610615184,-0.06970753847616974,-0.21650339484015327,-0.27960700441538494,0.4028917819268781,0.5053220924377716,0.1545008826593883,0.2706692541486318,0.11995841354571689,-0.1246229048142358,0.04131151734595548,-0.08097583372417377,0.0521726919811206,ARE
0.0066022444661659255,0.006558940735987839,-0.04252554092042562,-0.04441428229981786,-0.03072866838077023,-0.03170285489558007,-0.044145160363669,0.03355695511754284,-0.07051196052408075,0.13973981179376993,0.014530886354174105,-0.04362884781976307,-0.11249902670388431,0.09381629333584116,-0.04470454904793931,-0.006276026785768291,0.07628884528507415,0.031156318125854246,0.010884079514247623,-0.046026403591564714,-0.026257036228019583,0.03701418157596661,-0.08554010319819928,GBR
0.025263291364896863,0.024640784057785522,0.026039737188664515,0.02537887787856351,-0.04573745595641878,-0.04792963555146093,0.000874543896289926,-0.019417396898362943,0.024085334977493655,0.02068334976349893,-0.09027890339839258,0.02641072906982051,-0.08582140444873704,0.03234066490248315,0.010198867192065036,-0.10947846860475453,-0.025326029974926244,0.010582757494838408,-0.019720233333983747,0.1917924141527122,0.08752995839890554,-0.0042140757870296535,-0.1701744452133966,USA
0.00016524977530331066,0.00016522247232688358,-0.08232615036699276,-0.08971177548528415,-0.12378910829832535,-0.14127775569864987,-0.4043255691224501,-0.15799369733546062,0.5002088892864137,-0.07887230333871934,-0.24719372692618388,-0.07201733799772109,0.4673733978531446,0.0499019182880633,0.10645095805177107,-0.0005926180070100288,0.2445748691577655,-0.022452023777915532,-0.19926209284442065,0.15293171551779558,0.3429406058486207,-0.21991837030270964,-0.006527285042202472,URY
-0.09813774747815276,-0.08936742927153153,0.004872007188862786,0.004895859853263551,0.13928835960108304,0.1618292969019528,0.04352000821890196,-0.11733596443876482,0.07927307594422671,-0.07579209444898062,0.07109315508926305,0.0833448305885031,-0.07369360114622475,-0.054948898592678305,-0.007016160972419013,-0.012064785367244226,-0.01436717953911097,-0.06743599822797909,0.03994168704249358,0.013708280008134286,0.2218352353784717,0.13928335423662522,0.08451544759357463,UZB
0.06484585693437282,0.06934242596818829,-0.4689329361462003,-0.31923372715466736,-0.1171342926143124,-0.10485247242763937,-0.5893195564531812,-0.07930608036456543,-0.006733414136722273,-0.08989660138093128,-0.19391240430512227,0.039159427937857434,-0.148234425813594,-0.019082436124055913,0.08718635431860275,-0.02419730326827896,-0.07419945038908259,-0.11329343770719348,-0.03844227735978062,-0.05933371000814361,0.01886962540202765,-0.20664997172136246,0.0020317955056835244,VEN
-0.06873216750272058,-0.06431187307043008,-0.031106392169519024,-0.030167975298910743,0.004489954956290726,0.0045102055761715,0.22213655896370632,0.003585191396324175,-0.06584203110373793,-0.04327405942819022,0.09613829717805947,-0.09937509759098323,-0.007410211364437928,0.009977442165038283,0.02872508297497689,-0.11669701189534078,0.04134898549138182,0.08326850604067679,0.1785923339493125,0.05993787372352679,0.12233091350702044,0.12658180174751427,0.24583300993201398,VNM
0.007971146986373445,0.008035196720496827,-0.01322304139071175,-0.013050474427192559,-0.040977393969230155,-0.03936434566843367,-0.017466922160497517,0.3640794054117091,-0.6736439374206233,0.039770357676354916,-0.18019333256339878,0.062313172557882,0.8134397864990246,2.0262502378605083,-0.05424171638404712,-0.6227489337638015,0.5990084012984539,0.704289243206827,-0.5071714350057259,-0.3714965174206746,-0.6491122228306773,-0.16939117400696554,0.794816540786701,PSE
-0.005142124912155439,-0.005115818733201373,-0.2478530641354474,-0.19862359700752732,-0.10625882266420467,-0.0960524069840197,0.11590380214852662,-0.18979299912627892,0.0173965217590631,0.07014239540340497,0.13003714068456804,-0.07704496987906126,0.10955568081317085,0.040499401322902036,-0.3532868616319955,0.17756584863167518,-0.05628249055463461,-0.22306763967079005,-0.2642040363870493,-0.31516922929267244,0.020193509021704352,-0.09416253001628921,-0.048748696887530744,YEM
0.3876128357831109,0.632953886743828,-0.6946941642073599,-0.40992302852018203,-0.6549978167555908,-0.3957695956600289,0.07856178047653553,0.015428613057626231,-0.35269751243652914,0.15044614452644292,0.21057715577931782,0.0568673502968074,-0.134655939476377,0.05906628694913404,0.115707030458975,0.027723483831746647,-0.11087152006108293,-0.06206539508502067,0.1329128557909816,-0.10784837930190797,0.03616449448927191,-0.038887012818163626,-0.14464109587683208,ZMB
0.041383044069623766,0.0431695306593654,-0.5083701629614951,-0.3370327625437605,-0.18231639566682625,-0.15420271285673903,-0.02191245673505415,-0.04471712831187131,-0.08353287987572737,0.12395868967845658,-0.10064710167158143,0.007135188281317125,0.010743029572642176,0.02227939812005779,0.06555777010760408,0.0239660964390925,0.02372853354570336,-0.03222296709471522,0.13113792780929887,-0.04025027304823405,0.09114533372865685,0.03825679798890821,0.02681902892009569,ZWE
,,0.587668594059406,1.4252336484504247,-4.811710347519371,-1.2623494202939085,0.22292493928465912,-0.7334546431194808,-0.0002619640082608226,0.4263591811445265,0.0005189047801595326,0.7833009278950063,2.0091276874856048,-1.8094172517303828,3.256509985655964,-0.23439373997421992,-2.786903452435866,-0.824965300047855,-0.4395364601581184,-0.11880568473206149,0.3092910786687877,-0.17093625016750047,0.06186568099235686,CPV
,,-0.10923703017933664,-0.09847942974070732,-0.10720257581753415,-0.09682291042213144,-0.55554107288542,0.4980948434320851,0.2735053177563356,-0.12391183088175386,-0.03046373126338327,-0.08009318635647837,-0.004399819965613071,0.011034919663656405,0.12192981350011976,0.0031593943153880506,-0.05948594127567692,0.020613865317307564,0.12419027749881757,-0.012450940615965148,0.16706880356105927,-0.0441372560323027,0.0011100929158213953,SLB
,,-0.10759059071489228,-0.12056191877344848,-0.0700552587307682,-0.07533271131266739,0.21139121906970906,-0.2858162142634283,6.132426569238002,-0.10641809665346022,-0.287103521050543,-0.3135664828977503,0.07845133532776091,-0.17250818772255197,0.059543306494683645,-0.337079939465906,-0.05995383710673323,-0.13839523792990957,0.11157090197826613,-0.051571683729205633,0.05975530808592095,-0.06603017358045699,-0.18255282271405418,LCA
,,-0.10759059071489228,-0.12056191877344848,-0.0700552587307682,-0.07533271131266739,0.21139121906970906,-0.3258091531602543,6.4309056853776045,-0.2738742267517468,-0.16084950609375986,-0.270323594647948,0.07845133532776091,-0.22471598463558745,-0.07580880633241556,-0.09831961956026569,-0.06203118448949247,0.0060794122341790114,-0.25417923513626933,0.049830024974771736,-0.12007946250752263,0.04803460581247113,-0.17608888492050392,VCT
,,-0.005062021842036294,-0.005036526833198641,-0.7956616069389478,-0.4431021991361203,-0.15595648164687162,0.7104736550646563,1.6658039734998866,-0.9408044889596902,-30.172438444300862,-0.573319465742747,0.010484513753454761,-0.13538295283241614,0.11023324996407402,-0.09494244187405333,0.28619766620404513,0.38205783789731396,-0.08369788096028384,0.16095248209430185,-0.12953868481554934,-0.39908217255808304,0.006850356031991904,VUT
,,,,,,-0.010450679930181223,0.10133954240828513,-0.033985368741160496,-0.32890002193785545,-0.057920390621454626,0.15635549333111184,0.15052976608936966,0.041198254944944314,0.05583070648141777,0.021676113631899037,0.03781355143619767,0.09445850752127469,-0.08557817557260752,-0.012063920886129193,0.24349686658976144,-0.06417321838858145,0.0030928579308788446,TLS
,,,,,,,0.3668471694614701,-0.764221955641796,-0.06296170576564326,-0.09569358010188525,-0.08969965041125356,-0.03321553206716108,-0.09999044619560932,-0.05166886046682267,0.05496977765753708,-0.015039400925130673,0.3178062304847392,0.04642544353527011,0.04270642096638907,0.009178401324647586,0.07422768507122438,0.19208859772671755,KIR
,,,,,,,-0.8308505742687687,0.10976369427199434,-0.22742864694559237,0.02833695193610447,0.25631536386563486,-0.4754053644536567,0.01177528870162932,-0.02252235058935717,-0.042410083257349455,-0.03901638749390046,0.1269491819836976,-0.18084496260148622,0.1294210414176075,-0.05897444535934649,-0.10519872589538357,0.022865832318396347,MHL
,,,,,,,1.078858864976438,7.390256475603541,-0.32824402976471145,-2.8037513892749772,-0.5738806006289334,-0.47063003513166685,-0.07801563249218947,-0.017090620349434368,-0.06555324720341173,0.01147185939690322,-0.1011915418559289,0.04895566499602755,0.016924967537499145,-0.025171503679215397,0.03155623857761879,-0.00116849748300778,FSM
,,,,,,,-0.6867920423009344,15.263518481866786,-0.15643727776506214,-0.33112059279867306,-0.07476117440403231,-0.08020583164974213,-0.18815760543925403,-0.07937594775376557,-0.0549081480822769,0.026363435909815505,-0.566752230422082,1.0204296024849169,-0.026673207912439052,0.5061484452269936,-0.07744565805672264,-0.01816842118025413,KNA
,,,,,,,0.3604454175302564,0.3175396101478943,-0.32547884800881893,-0.04066801242445084,-0.10966412771796895,0.253855786143587,-0.008659521489435702,-0.009866904871319736,-0.06935166813294605,-0.010563600268775678,0.3586988475640375,-0.025490929033241683,0.028162150715972358,0.02085903255998965,0.12736425133532162,0.056660030000733545,TON
,,,,,,,-1.1343251019422431,-10.4683183530967,-0.7864674632275517,-0.12471109000756088,-0.3405974182085594,0.07442381459654449,-0.13820656297420336,-0.0846118459882651,0.012333517125038896,-0.05495097598345798,0.32504771465064414,0.21915945613273094,0.14002016907631742,-0.33718991122612396,0.2768464130415086,0.026576489508178282,TUV
,,,,,,,,-0.2651600184108584,-0.02696664371820006,0.04270150278413582,0.03501504168589819,0.03341396312806064,-0.0198798223469396,-0.013553538955746137,-0.06934344253453592,0.008481325913675845,0.0,0.0,0.0,0.0,0.0,0.0,ASM
,,,,,,,,0.1222442628656986,-0.01186055904417417,0.02512937328427088,0.019358518258538945,0.4439154511490298,0.0429085165930531,-0.018000442439116405,0.06507714521140291,0.014333714714007054,-0.12502807689535664,0.09681773978912875,-0.017457579169024063,-0.11561252136279611,-0.2812043374541329,0.0008508912586887242,ABW
,,,,,,,,-0.14438528538201822,-0.01639853414066505,0.03035144006041333,0.024067000919058525,0.019013784336150186,-0.0154877034522086,-0.01385472187790232,-0.04931963961175107,0.003588622631734778,0.0,0.0,0.0,0.0,0.0,0.0,GUM
,,,,,,,,-0.12958806943652976,-0.45306634719095173,0.03035144006041333,0.024067000919058525,0.019013784336150186,-0.0154877034522086,-0.01385472187790232,-0.04931963961175107,0.003588622631734778,0.0,0.0,0.0,0.0,0.0,0.0,VIR
,,,,,,,,,,0.46215494104483984,0.28787443688640807,0.6562196773990298,-0.5053895727517865,0.11805706685091372,1.369267404640087,2.0623282678180903,0.9312311734922771,0.7920014917990562,-0.01040860131608892,0.33086503475876494,0.199402389437861,0.019490918185652507,MNE
,,,,,,,,,,,-0.2550057891303851,-0.15780695626950655,-0.037249505333472474,-0.03246376977888936,-0.09883279941987272,-0.16179974529679836,0.10120490318480681,0.012735835731206784,0.6853480230810863,-1.8499790579507556,0.8696428766788589,0.7678535460913547,NRU
,,,,,,,,,,,,8.337309782608695,-1.4942826826856483,-1.246435803248472,0.836336847161004,-0.24568589988536504,-5.19658727918952,-0.958890384258706,0.3636090707932547,0.2890779207576899,-1.4250582776623395,-0.06652887612671401,XKX
,,,,,,,,,,,,-0.1838141928201997,-0.05656043873524515,-0.026663536406299652,-0.10896693597074698,0.0005087616140218464,0.17420612482820683,0.01632238005879536,0.7799169743699446,-2.3679078154054203,0.9041011365853185,0.8684380397424938,PLW
,,,,,,,,,,,,,0.010344319436494068,-0.02449918350713732,0.03319969405220045,0.016313331146878263,-0.013781102287834746,-0.018226721787469608,-0.013669981318135526,-0.00988921738895887,0.03599430036012461,-0.006009993769415883,GRL
,,,,,,,,,,,,,,,0.12090512707731736,-0.0382726036709722,-0.09207168995723831,-0.00940332869682001,-0.10373995310061039,-0.046418129638409134,-0.05182158252070691,-0.001798770440906547,SSD
